pool	panel	n_founders	generation	mating	selection	seed	mode	unit	var_class	n_total	n_called	call_rate	MAE	RMSE	R2	pearson_r	bias	outlier	truth_col	est_file
cov10_n50_g3_s42_self97_hotspots_dom500_p231_chr1	p231	50	3	self97	dom500	42	global	none	ALL	2154127	2154127	1.0	0.02329601193270429	0.05229748952239326	0.9512484807426179	0.9788242781252176	0.0008722579492734178	0.06616183725472082	truth_af	cov10_n50_g3_s42_self97_hotspots_dom500_p231_chr1_global.tsv
cov10_n50_g3_s42_self97_hotspots_dom500_p231_chr1	p231	50	3	self97	dom500	42	global	none	SNP	1561158	1561158	1.0	0.02347232649290014	0.05231605423955989	0.9532870087167826	0.9796019334331881	0.0009305308608513681	0.06686190635412943	truth_af	cov10_n50_g3_s42_self97_hotspots_dom500_p231_chr1_global.tsv
cov10_n50_g3_s42_self97_hotspots_dom500_p231_chr1	p231	50	3	self97	dom500	42	global	none	indel	532219	532219	1.0	0.023897050159595017	0.05310160008579861	0.9461785315960816	0.9771202012162628	0.0007842805282778331	0.06822755294343118	truth_af	cov10_n50_g3_s42_self97_hotspots_dom500_p231_chr1_global.tsv
cov10_n50_g3_s42_self97_hotspots_dom500_p231_chr1	p231	50	3	self97	dom500	42	global	none	SV	60750	60750	1.0	0.013499487648855965	0.04407514263109031	0.9034999812533306	0.9588940562577398	0.0001455095201646092	0.030074074074074073	truth_af	cov10_n50_g3_s42_self97_hotspots_dom500_p231_chr1_global.tsv
cov10_n50_g3_s42_self97_hotspots_dom500_p231_chr1	p231	50	3	self97	dom500	42	anchored	dynldK500	ALL	2154127	2154127	1.0	0.02287102275673045	0.05032112214995397	0.9548635804623375	0.9808977296880005	0.000890446547253017	0.06151680007724707	truth_af	cov10_n50_g3_s42_self97_hotspots_dom500_p231_chr1_anchored_dynldK500.tsv
cov10_n50_g3_s42_self97_hotspots_dom500_p231_chr1	p231	50	3	self97	dom500	42	anchored	dynldK500	SNP	1561158	1561158	1.0	0.023052342678235003	0.050326647668608615	0.9567721415804825	0.9816115959685658	0.0009437313761099131	0.06208148054200792	truth_af	cov10_n50_g3_s42_self97_hotspots_dom500_p231_chr1_anchored_dynldK500.tsv
cov10_n50_g3_s42_self97_hotspots_dom500_p231_chr1	p231	50	3	self97	dom500	42	anchored	dynldK500	indel	532219	532219	1.0	0.023427795960128252	0.051119209599110926	0.9501220509336786	0.9793487533907325	0.0008249162440264251	0.06352835956626877	truth_af	cov10_n50_g3_s42_self97_hotspots_dom500_p231_chr1_anchored_dynldK500.tsv
cov10_n50_g3_s42_self97_hotspots_dom500_p231_chr1	p231	50	3	self97	dom500	42	anchored	dynldK500	SV	60750	60750	1.0	0.013333667636477366	0.04252839306490119	0.9101541769759944	0.9625932508585621	9.522738024691367e-05	0.029382716049382716	truth_af	cov10_n50_g3_s42_self97_hotspots_dom500_p231_chr1_anchored_dynldK500.tsv
cov10_n50_g3_s42_self97_hotspots_dom500_p231_chr1	p231	50	3	self97	dom500	42	localonly	dynldK500	ALL	2154127	1378352	0.6398657089391665	0.04810238711466157	0.09455192874480764	0.8482501656996787	0.92477515146316	0.00555942578563023	0.14806087269434803	truth_af	cov10_n50_g3_s42_self97_hotspots_dom500_p231_chr1_localonly_dynldK500.tsv
cov10_n50_g3_s42_self97_hotspots_dom500_p231_chr1	p231	50	3	self97	dom500	42	localonly	dynldK500	SNP	1561158	1003177	0.6425851835624581	0.04813896676060854	0.09412600817256339	0.855617006968693	0.9285648196233086	0.00563736328429978	0.1491082829849568	truth_af	cov10_n50_g3_s42_self97_hotspots_dom500_p231_chr1_localonly_dynldK500.tsv
cov10_n50_g3_s42_self97_hotspots_dom500_p231_chr1	p231	50	3	self97	dom500	42	localonly	dynldK500	indel	532219	340383	0.6395543939618841	0.05002602506964948	0.09723658654723973	0.8282029857695925	0.9147369932522186	0.005745292113811501	0.15365632243678445	truth_af	cov10_n50_g3_s42_self97_hotspots_dom500_p231_chr1_localonly_dynldK500.tsv
cov10_n50_g3_s42_self97_hotspots_dom500_p231_chr1	p231	50	3	self97	dom500	42	localonly	dynldK500	SV	60750	34792	0.5727078189300412	0.028228004569398137	0.07886608013924831	0.7014682129143841	0.841608215937531	0.001493811722393079	0.06311795815129916	truth_af	cov10_n50_g3_s42_self97_hotspots_dom500_p231_chr1_localonly_dynldK500.tsv
cov10_n50_g3_s42_self97_hotspots_dom500_p231_chr1	p231	50	3	self97	dom500	42	anchored	w10kb	ALL	2154127	2154127	1.0	0.023029283672073884	0.05076806026112784	0.9540582418084437	0.9806003533530772	0.0007397476933785704	0.06282173706564191	truth_af	cov10_n50_g3_s42_self97_hotspots_dom500_p231_chr1_anchored_w10kb.tsv
cov10_n50_g3_s42_self97_hotspots_dom500_p231_chr1	p231	50	3	self97	dom500	42	anchored	w10kb	SNP	1561158	1561158	1.0	0.023278020672858227	0.050932652145608964	0.9557248238202464	0.9811880474465666	0.0008025736265419644	0.0637232105911125	truth_af	cov10_n50_g3_s42_self97_hotspots_dom500_p231_chr1_anchored_w10kb.tsv
cov10_n50_g3_s42_self97_hotspots_dom500_p231_chr1	p231	50	3	self97	dom500	42	anchored	w10kb	indel	532219	532219	1.0	0.02339534315304884	0.05109152987036718	0.9501760515463447	0.9794967924276069	0.0006409407564921582	0.06391729720284318	truth_af	cov10_n50_g3_s42_self97_hotspots_dom500_p231_chr1_anchored_w10kb.tsv
cov10_n50_g3_s42_self97_hotspots_dom500_p231_chr1	p231	50	3	self97	dom500	42	anchored	w10kb	SV	60750	60750	1.0	0.013430245489761315	0.04311122508675547	0.9076747114642871	0.9615765027087564	-9.129327572016377e-06	0.03005761316872428	truth_af	cov10_n50_g3_s42_self97_hotspots_dom500_p231_chr1_anchored_w10kb.tsv
cov10_n50_g3_s42_self97_hotspots_dom500_p231_chr1	p231	50	3	self97	dom500	42	localonly	w10kb	ALL	2154127	1870941	0.8685379274295341	0.0408369095117497	0.08482697215286653	0.8734697827908293	0.9388171067665977	0.0035538427666909323	0.118817215508132	truth_af	cov10_n50_g3_s42_self97_hotspots_dom500_p231_chr1_localonly_w10kb.tsv
cov10_n50_g3_s42_self97_hotspots_dom500_p231_chr1	p231	50	3	self97	dom500	42	localonly	w10kb	SNP	1561158	1347657	0.8632419012041062	0.04089389058367782	0.08442940755826207	0.879880899841474	0.9420032774275257	0.003652052020365345	0.11984132461004543	truth_af	cov10_n50_g3_s42_self97_hotspots_dom500_p231_chr1_localonly_w10kb.tsv
cov10_n50_g3_s42_self97_hotspots_dom500_p231_chr1	p231	50	3	self97	dom500	42	localonly	w10kb	indel	532219	473050	0.8888258404904748	0.042355801164667584	0.08708326954874929	0.8574236274265259	0.9311834769959713	0.0035479417737089105	0.12275235175985626	truth_af	cov10_n50_g3_s42_self97_hotspots_dom500_p231_chr1_localonly_w10kb.tsv
cov10_n50_g3_s42_self97_hotspots_dom500_p231_chr1	p231	50	3	self97	dom500	42	localonly	w10kb	SV	60750	50234	0.8268971193415637	0.025004950343373016	0.07313144661016552	0.7377233941564627	0.8633441565798361	0.0009746947106143251	0.054285941792411516	truth_af	cov10_n50_g3_s42_self97_hotspots_dom500_p231_chr1_localonly_w10kb.tsv
