seq_id	bin_id	length	kind	mean_bio1	n_eco
AT2G27030.1	AT2G27030.1	2533	isoform		0
AT2G27030.2	AT2G27030.2	2533	isoform		0
AT2G27030.3	AT2G27030.3	2533	isoform		0
rhap002	rhap002	2533	hap	6.39583349227905	1
rhap012	rhap012	2533	hap	6.908333325386051	5
rhap001	rhap001	2533	hap	7.37083339691162	1
rhap015	rhap015	2533	hap	8.585416634877523	6
rhap008	rhap008	2533	hap	8.78333377838135	1
rhap000	rhap000	2533	hap	9.15781249957425	172
rhap004	rhap004	2533	hap	10.529166748649196	19
rhap006	rhap006	2533	hap	10.760714054107686	7
rhap005	rhap005	2533	hap	10.9847221374512	3
rhap009	rhap009	2533	hap	11.153333282470701	5
rhap014	rhap014	2533	hap	11.3208332061768	1
rhap011	rhap011	2533	hap	12.9291667938232	1
rhap003	rhap003	2533	hap	14.35208320617675	4
rhap007	rhap007	2533	hap	14.8249998092651	1
rhap010	rhap010	2533	hap	17.2124996185303	2
rhap013	rhap013	2533	hap	17.6958332061768	1
rhap016	rhap016	2533	hap	22.7000007629395	1
