seq_id	start	end	vtype	size
rhap001	2514	2515	snp	0
rhap002	2267	2268	snp	0
rhap003	2230	2231	snp	0
rhap004	2182	2182	ins	1
rhap005	2182	2182	ins	1
rhap005	2361	2362	snp	0
rhap006	2104	2105	snp	0
rhap006	2137	2138	snp	0
rhap006	2148	2149	del	1
rhap006	2160	2160	ins	1
rhap006	2168	2169	del	1
rhap006	2181	2183	del	2
rhap006	2191	2192	snp	0
rhap006	2194	2195	snp	0
rhap006	2215	2216	snp	0
rhap006	2222	2224	mnp	0
rhap006	2232	2234	del	2
rhap006	2248	2249	snp	0
rhap006	2263	2264	snp	0
rhap006	2294	2295	snp	0
rhap006	2299	2300	snp	0
rhap006	2302	2303	snp	0
rhap006	2343	2344	snp	0
rhap006	2365	2366	snp	0
rhap006	2444	2445	snp	0
rhap006	2463	2464	snp	0
rhap007	2104	2105	snp	0
rhap007	2124	2125	snp	0
rhap007	2137	2138	snp	0
rhap007	2148	2149	del	1
rhap007	2160	2160	ins	1
rhap007	2168	2169	del	1
rhap007	2181	2183	del	2
rhap007	2191	2192	snp	0
rhap007	2194	2195	snp	0
rhap007	2215	2216	snp	0
rhap007	2222	2224	mnp	0
rhap007	2232	2234	del	2
rhap007	2248	2249	snp	0
rhap007	2263	2264	snp	0
rhap007	2294	2295	snp	0
rhap007	2299	2300	snp	0
rhap007	2302	2303	snp	0
rhap008	2104	2105	snp	0
rhap008	2124	2125	snp	0
rhap008	2137	2138	snp	0
rhap008	2148	2149	del	1
rhap008	2160	2160	ins	1
rhap008	2168	2169	del	1
rhap008	2181	2183	del	2
rhap008	2191	2192	snp	0
rhap008	2194	2195	snp	0
rhap008	2215	2216	snp	0
rhap008	2222	2224	mnp	0
rhap008	2232	2234	del	2
rhap008	2248	2249	snp	0
rhap008	2263	2264	snp	0
rhap008	2294	2295	snp	0
rhap008	2299	2300	snp	0
rhap008	2302	2303	snp	0
rhap008	2343	2344	snp	0
rhap008	2365	2366	snp	0
rhap008	2444	2445	snp	0
rhap008	2463	2464	snp	0
rhap009	2104	2105	snp	0
rhap009	2124	2125	snp	0
rhap009	2137	2138	snp	0
rhap009	2148	2149	del	1
rhap009	2160	2160	ins	1
rhap009	2168	2169	del	1
rhap009	2181	2183	del	2
rhap009	2191	2192	snp	0
rhap009	2194	2195	snp	0
rhap009	2215	2216	snp	0
rhap009	2222	2224	mnp	0
rhap009	2232	2234	del	2
rhap009	2248	2249	snp	0
rhap009	2263	2264	snp	0
rhap009	2294	2295	snp	0
rhap009	2299	2300	snp	0
rhap009	2302	2303	snp	0
rhap009	2343	2344	snp	0
rhap009	2365	2366	snp	0
rhap009	2444	2445	snp	0
rhap009	2463	2464	snp	0
rhap009	2513	2514	snp	0
rhap010	2104	2105	snp	0
rhap010	2124	2125	snp	0
rhap010	2137	2138	snp	0
rhap010	2148	2149	del	1
rhap010	2160	2160	ins	1
rhap010	2168	2169	del	1
rhap010	2181	2183	del	2
rhap010	2191	2192	snp	0
rhap010	2194	2195	snp	0
rhap010	2215	2216	snp	0
rhap010	2222	2224	mnp	0
rhap010	2232	2234	del	2
rhap010	2248	2249	snp	0
rhap010	2263	2264	snp	0
rhap010	2294	2295	snp	0
rhap010	2299	2300	snp	0
rhap010	2302	2303	snp	0
rhap010	2343	2344	snp	0
rhap010	2365	2366	snp	0
rhap010	2435	2462	del	27
rhap011	2104	2105	snp	0
rhap011	2124	2125	snp	0
rhap011	2137	2138	snp	0
rhap011	2148	2149	del	1
rhap011	2160	2160	ins	1
rhap011	2168	2169	del	1
rhap011	2181	2183	del	2
rhap011	2191	2192	snp	0
rhap011	2194	2195	snp	0
rhap011	2215	2216	snp	0
rhap011	2222	2224	mnp	0
rhap011	2232	2234	del	2
rhap011	2248	2249	snp	0
rhap011	2263	2264	snp	0
rhap011	2294	2295	snp	0
rhap011	2299	2300	snp	0
rhap011	2302	2303	snp	0
rhap011	2343	2344	snp	0
rhap011	2365	2366	snp	0
rhap011	2370	2371	snp	0
rhap011	2435	2462	del	27
rhap011	2489	2490	snp	0
rhap012	2075	2076	snp	0
rhap013	2069	2070	snp	0
rhap013	2104	2105	snp	0
rhap013	2124	2125	snp	0
rhap013	2137	2138	snp	0
rhap013	2148	2149	del	1
rhap013	2160	2160	ins	1
rhap013	2168	2169	del	1
rhap013	2181	2183	del	2
rhap013	2191	2192	snp	0
rhap013	2194	2195	snp	0
rhap013	2215	2216	snp	0
rhap013	2222	2224	mnp	0
rhap013	2232	2234	del	2
rhap013	2248	2249	snp	0
rhap013	2263	2264	snp	0
rhap013	2294	2295	snp	0
rhap013	2299	2300	snp	0
rhap013	2302	2303	snp	0
rhap013	2343	2344	snp	0
rhap013	2365	2366	snp	0
rhap013	2435	2462	del	27
rhap014	2053	2054	snp	0
rhap014	2168	2169	del	1
rhap014	2232	2234	del	2
rhap014	2263	2264	snp	0
rhap014	2343	2344	snp	0
rhap015	2053	2054	snp	0
rhap015	2168	2169	del	1
rhap015	2232	2234	del	2
rhap015	2263	2264	snp	0
rhap015	2343	2344	snp	0
rhap015	2424	2425	snp	0
rhap015	2444	2445	snp	0
rhap016	2053	2054	snp	0
rhap016	2104	2105	snp	0
rhap016	2124	2125	snp	0
rhap016	2137	2138	snp	0
rhap016	2148	2149	del	1
rhap016	2160	2160	ins	1
rhap016	2168	2169	del	1
rhap016	2181	2183	del	2
rhap016	2191	2192	snp	0
rhap016	2194	2195	snp	0
rhap016	2215	2216	snp	0
rhap016	2222	2224	mnp	0
rhap016	2232	2234	del	2
rhap016	2248	2249	snp	0
rhap016	2263	2264	snp	0
rhap016	2294	2295	snp	0
rhap016	2299	2300	snp	0
rhap016	2302	2303	snp	0
rhap016	2343	2344	snp	0
rhap016	2365	2366	snp	0
rhap016	2397	2398	snp	0
rhap016	2444	2445	snp	0
rhap016	2463	2464	snp	0
