panel	ecotype	n_pg_snp	n_truth_snp	n_overlap	n_no_truth_record	n_truth_missing	n_pg_missing	n_matched	n_concordant	n_nonref_either	n_nonref_disc	GC	nRD
loo	10002	3901027	3235480	1655459	2245568	0	0	1655459	1644429	209796	11030	0.993337	0.052575
loo	10006	3901027	3235480	1655459	2245568	0	0	1655459	1625850	241515	29609	0.982114	0.122597
loo	159	3901027	3235480	1655459	2245568	0	4	1655455	1645532	208755	9923	0.994006	0.047534
loo	5772	3901027	3235480	1655459	2245568	0	9	1655450	1633317	208254	22133	0.98663	0.106279
loo	5784	3901027	3235480	1655459	2245568	0	29	1655430	1638961	244742	16469	0.990052	0.067291
loo	5811	3901027	3235480	1655459	2245568	0	1	1655458	1642626	208097	12832	0.992249	0.061664
loo	6150	3901027	3235480	1655459	2245568	0	0	1655459	1645117	219374	10342	0.993753	0.047143
loo	6184	3901027	3235480	1655459	2245568	0	1	1655458	1645446	247420	10012	0.993952	0.040466
loo	6244	3901027	3235480	1655459	2245568	0	1	1655458	1642664	251352	12794	0.992272	0.050901
loo	6898	3901027	3235480	1655459	2245568	0	2	1655457	1646333	204474	9124	0.994489	0.044622
loo	6911	3901027	3235480	1655459	2245568	0	0	1655459	1642779	276018	12680	0.99234	0.045939
loo	6915	3901027	3235480	1655459	2245568	0	5	1655454	1648933	192806	6521	0.996061	0.033822
loo	6929	3901027	3235480	1655459	2245568	0	2	1655457	1646331	242087	9126	0.994487	0.037697
loo	6932	3901027	3235480	1655459	2245568	0	0	1655459	1651667	219777	3792	0.997709	0.017254
loo	6938	3901027	3235480	1655459	2245568	0	5	1655454	1631320	240293	24134	0.985422	0.100436
loo	6939	3901027	3235480	1655459	2245568	0	3	1655456	1610755	197495	44701	0.972998	0.22634
loo	6945	3901027	3235480	1655459	2245568	0	1	1655458	1645118	215408	10340	0.993754	0.048002
loo	6958	3901027	3235480	1655459	2245568	0	2	1655457	1644961	211130	10496	0.99366	0.049713
loo	6963	3901027	3235480	1655459	2245568	0	1	1655458	1646283	240703	9175	0.994458	0.038118
loo	6979	3901027	3235480	1655459	2245568	0	3	1655456	1636125	213972	19331	0.988323	0.090344
loo	7000	3901027	3235480	1655459	2245568	0	0	1655459	1648825	197091	6634	0.995993	0.03366
loo	7002	3901027	3235480	1655459	2245568	0	0	1655459	1650377	206993	5082	0.99693	0.024552
loo	7003	3901027	3235480	1655459	2245568	0	1	1655458	1648360	206998	7098	0.995712	0.03429
loo	7025	3901027	3235480	1655459	2245568	0	0	1655459	1647645	210428	7814	0.99528	0.037134
loo	7063	3901027	3235480	1655459	2245568	0	2	1655457	1643463	258411	11994	0.992755	0.046414
loo	7092	3901027	3235480	1655459	2245568	0	1	1655458	1647475	214682	7983	0.995178	0.037185
loo	7127	3901027	3235480	1655459	2245568	0	1	1655458	1646874	216964	8584	0.994815	0.039564
loo	7143	3901027	3235480	1655459	2245568	0	1	1655458	1645651	206102	9807	0.994076	0.047583
loo	7164	3901027	3235480	1655459	2245568	0	1	1655458	1631987	222314	23471	0.985822	0.105576
loo	7186	3901027	3235480	1655459	2245568	0	2	1655457	1645664	222394	9793	0.994084	0.044034
loo	7217	3901027	3235480	1655459	2245568	0	14	1655445	1645452	218434	9993	0.993964	0.045748
loo	7255	3901027	3235480	1655459	2245568	0	1	1655458	1647053	169337	8405	0.994923	0.049635
loo	7288	3901027	3235480	1655459	2245568	0	6	1655453	1650007	206851	5446	0.99671	0.026328
loo	7298	3901027	3235480	1655459	2245568	0	2	1655457	1641403	212649	14054	0.991511	0.06609
loo	7316	3901027	3235480	1655459	2245568	0	4	1655455	1646370	210922	9085	0.994512	0.043073
loo	7323	3901027	3235480	1655459	2245568	0	0	1655459	1647277	236446	8182	0.995058	0.034604
loo	7346	3901027	3235480	1655459	2245568	0	2	1655457	1644609	209845	10848	0.993447	0.051695
loo	7347	3901027	3235480	1655459	2245568	0	0	1655459	1646489	226350	8970	0.994582	0.039629
loo	7372	3901027	3235480	1655459	2245568	0	0	1655459	1648166	213820	7293	0.995595	0.034108
loo	7378	3901027	3235480	1655459	2245568	0	4	1655455	1646161	208456	9294	0.994386	0.044585
loo	7411	3901027	3235480	1655459	2245568	0	3	1655456	1646175	202995	9281	0.994394	0.04572
loo	763	3901027	3235480	1655459	2245568	0	12	1655447	1647154	243638	8293	0.99499	0.034038
loo	765	3901027	3235480	1655459	2245568	0	13	1655446	1644314	246004	11132	0.993276	0.045251
loo	766	3901027	3235480	1655459	2245568	0	1	1655458	1643493	242698	11965	0.992772	0.0493
loo	768	3901027	3235480	1655459	2245568	0	1	1655458	1646733	243795	8725	0.99473	0.035788
loo	772	3901027	3235480	1655459	2245568	0	5	1655454	1644481	246806	10973	0.993372	0.04446
loo	8214	3901027	3235480	1655459	2245568	0	2	1655457	1648009	215050	7448	0.995501	0.034634
loo	8230	3901027	3235480	1655459	2245568	0	2	1655457	1638431	232600	17026	0.989715	0.073199
loo	8231	3901027	3235480	1655459	2245568	0	0	1655459	1590802	253202	64657	0.960943	0.255357
loo	8247	3901027	3235480	1655459	2245568	0	0	1655459	1643887	219978	11572	0.99301	0.052605
loo	8249	3901027	3235480	1655459	2245568	0	1	1655458	1642082	228893	13376	0.99192	0.058438
loo	8351	3901027	3235480	1655459	2245568	0	4	1655455	1640223	241583	15232	0.990799	0.063051
loo	8354	3901027	3235480	1655459	2245568	0	1	1655458	1644690	235016	10768	0.993495	0.045818
loo	8387	3901027	3235480	1655459	2245568	0	0	1655459	1643522	194772	11937	0.992789	0.061287
loo	9416	3901027	3235480	1655459	2245568	0	2	1655457	1646090	236359	9367	0.994342	0.03963
loo	9470	3901027	3235480	1655459	2245568	0	1	1655458	1647626	220537	7832	0.995269	0.035513
loo	9506	3901027	3235480	1655459	2245568	0	5	1655454	1646764	227773	8690	0.994751	0.038152
loo	9518	3901027	3235480	1655459	2245568	0	0	1655459	1643241	284890	12218	0.99262	0.042887
loo	9537	3901027	3235480	1655459	2245568	0	0	1655459	1646107	232370	9352	0.994351	0.040246
loo	9542	3901027	3235480	1655459	2245568	0	2	1655457	1640070	322424	15387	0.990705	0.047723
loo	9549	3901027	3235480	1655459	2245568	0	1	1655458	1639552	316738	15906	0.990392	0.050218
loo	9555	3901027	3235480	1655459	2245568	0	4	1655455	1625133	334640	30322	0.981684	0.090611
loo	9557	3901027	3235480	1655459	2245568	0	1	1655458	1644722	265107	10736	0.993515	0.040497
loo	9559	3901027	3235480	1655459	2245568	0	1	1655458	1644142	236220	11316	0.993164	0.047904
loo	9564	3901027	3235480	1655459	2245568	0	4	1655455	1640976	263027	14479	0.991254	0.055048
loo	9565	3901027	3235480	1655459	2245568	0	0	1655459	1645087	230314	10372	0.993735	0.045034
loo	9594	3901027	3235480	1655459	2245568	0	1	1655458	1641784	268291	13674	0.99174	0.050967
loo	9600	3901027	3235480	1655459	2245568	0	1	1655458	1635662	330179	19796	0.988042	0.059955
loo	9606	3901027	3235480	1655459	2245568	0	6	1655453	1585252	281125	70201	0.957594	0.249715
loo	9637	3901027	3235480	1655459	2245568	0	1	1655458	1645622	244928	9836	0.994058	0.040159
loo	9653	3901027	3235480	1655459	2245568	0	2	1655457	1644263	219765	11194	0.993238	0.050936
loo	9758	3901027	3235480	1655459	2245568	0	0	1655459	1645461	246123	9998	0.993961	0.040622
loo	9759	3901027	3235480	1655459	2245568	0	1	1655458	1645689	232242	9769	0.994099	0.042064
loo	9879	3901027	3235480	1655459	2245568	0	1	1655458	1640337	320111	15121	0.990866	0.047237
loo	9947	3901027	3235480	1655459	2245568	0	0	1655459	1597413	347236	58046	0.964937	0.167166
main	100001	3901027	3235480	1655459	2245568	0	3	1655456	1575404	303116	80052	0.951644	0.264097
main	100002	3901027	3235480	1655459	2245568	0	6	1655453	1576542	303753	78911	0.952333	0.259787
main	10011	3901027	3235480	1655459	2245568	0	0	1655459	1627504	242184	27955	0.983113	0.115429
main	10013	3901027	3235480	1655459	2245568	0	0	1655459	1528372	284235	127087	0.923232	0.447119
main	10014	3901027	3235480	1655459	2245568	0	0	1655459	1605347	248949	50112	0.969729	0.201294
main	265	3901027	3235480	1655459	2245568	0	2	1655457	1642699	236872	12758	0.992293	0.05386
main	5151	3901027	3235480	1655459	2245568	0	1	1655458	1632097	217653	23361	0.985888	0.107331
main	5165	3901027	3235480	1655459	2245568	0	4	1655455	1631491	214863	23964	0.985524	0.111532
main	5768	3901027	3235480	1655459	2245568	0	1	1655458	1628334	216438	27124	0.983615	0.12532
main	6013	3901027	3235480	1655459	2245568	0	5	1655454	1630720	252840	24734	0.985059	0.097825
main	6025	3901027	3235480	1655459	2245568	0	3	1655456	1630562	250134	24894	0.984962	0.099523
main	6040	3901027	3235480	1655459	2245568	0	3	1655456	1635517	225567	19939	0.987956	0.088395
main	6073	3901027	3235480	1655459	2245568	0	2	1655457	1628491	222110	26966	0.983711	0.121408
main	6074	3901027	3235480	1655459	2245568	0	4	1655455	1624863	228920	30592	0.98152	0.133636
main	6108	3901027	3235480	1655459	2245568	0	1	1655458	1628099	215609	27359	0.983473	0.126892
main	6177	3901027	3235480	1655459	2245568	0	2	1655457	1635388	248563	20069	0.987877	0.08074
main	6180	3901027	3235480	1655459	2245568	0	1	1655458	1644243	77331	11215	0.993225	0.145026
main	6188	3901027	3235480	1655459	2245568	0	10	1655449	1623416	221459	32033	0.98065	0.144645
main	6195	3901027	3235480	1655459	2245568	0	0	1655459	1630060	223972	25399	0.984657	0.113403
main	6209	3901027	3235480	1655459	2245568	0	1	1655458	1635022	247615	20436	0.987655	0.082531
main	6216	3901027	3235480	1655459	2245568	0	0	1655459	1632318	249113	23141	0.986021	0.092894
main	6243	3901027	3235480	1655459	2245568	0	12	1655447	1621497	211568	33950	0.979492	0.160469
main	6940	3901027	3235480	1655459	2245568	0	1	1655458	1636441	181329	19017	0.988513	0.104876
main	6961	3901027	3235480	1655459	2245568	0	1	1655458	1612690	243725	42768	0.974165	0.175476
main	6987	3901027	3235480	1655459	2245568	0	1	1655458	1635488	206964	19970	0.987937	0.09649
main	7008	3901027	3235480	1655459	2245568	0	3	1655456	1637084	208187	18372	0.988902	0.088248
main	7013	3901027	3235480	1655459	2245568	0	2	1655457	1631952	217981	23505	0.985802	0.10783
main	7028	3901027	3235480	1655459	2245568	0	6	1655453	1627431	213650	28022	0.983073	0.131158
main	7031	3901027	3235480	1655459	2245568	0	5	1655454	1634575	195486	20879	0.987388	0.106806
main	7036	3901027	3235480	1655459	2245568	0	10	1655449	1639322	190941	16127	0.990258	0.084461
main	7062	3901027	3235480	1655459	2245568	0	1	1655458	1639927	187000	15531	0.990618	0.083053
main	7067	3901027	3235480	1655459	2245568	0	1	1655458	1650201	219211	5257	0.996824	0.023981
main	7071	3901027	3235480	1655459	2245568	0	1	1655458	1634249	213338	21209	0.987188	0.099415
main	7077	3901027	3235480	1655459	2245568	0	3	1655456	1611093	235463	44363	0.973202	0.188408
main	7103	3901027	3235480	1655459	2245568	0	4	1655455	1626426	221340	29029	0.982465	0.131151
main	7106	3901027	3235480	1655459	2245568	0	11	1655448	1633124	211433	22324	0.986515	0.105584
main	7125	3901027	3235480	1655459	2245568	0	1	1655458	1634127	207104	21331	0.987115	0.102997
main	7126	3901027	3235480	1655459	2245568	0	6	1655453	1628304	236749	27149	0.9836	0.114674
main	7165	3901027	3235480	1655459	2245568	0	2	1655457	1636883	209184	18574	0.98878	0.088793
main	7203	3901027	3235480	1655459	2245568	0	3	1655456	1634841	211537	20615	0.987547	0.097453
main	7209	3901027	3235480	1655459	2245568	0	4	1655455	1645743	213331	9712	0.994133	0.045525
main	7218	3901027	3235480	1655459	2245568	0	0	1655459	1632042	205625	23417	0.985855	0.113882
main	7244	3901027	3235480	1655459	2245568	0	1	1655458	1636179	215452	19279	0.988354	0.089482
main	7268	3901027	3235480	1655459	2245568	0	0	1655459	1632893	213812	22566	0.986369	0.105541
main	7273	3901027	3235480	1655459	2245568	0	1	1655458	1648791	207485	6667	0.995973	0.032132
main	7276	3901027	3235480	1655459	2245568	0	2	1655457	1634886	185869	20571	0.987574	0.110675
main	7282	3901027	3235480	1655459	2245568	0	0	1655459	1636850	183935	18609	0.988759	0.101172
main	7287	3901027	3235480	1655459	2245568	0	16	1655443	1638548	206333	16895	0.989794	0.081882
main	7296	3901027	3235480	1655459	2245568	0	2	1655457	1631014	215169	24443	0.985235	0.113599
main	7333	3901027	3235480	1655459	2245568	0	7	1655452	1616040	238290	39412	0.976193	0.165395
main	7353	3901027	3235480	1655459	2245568	0	1	1655458	1631911	233176	23547	0.985776	0.100984
main	7384	3901027	3235480	1655459	2245568	0	0	1655459	1636585	218324	18874	0.988599	0.086449
main	7394	3901027	3235480	1655459	2245568	0	0	1655459	1628446	226600	27013	0.983682	0.11921
main	7404	3901027	3235480	1655459	2245568	0	3	1655456	1633434	211173	22022	0.986697	0.104284
main	7521	3901027	3235480	1655459	2245568	0	5	1655454	1632129	218605	23325	0.98591	0.106699
main	8240	3901027	3235480	1655459	2245568	0	3	1655456	1625331	225220	30125	0.981803	0.133758
main	8311	3901027	3235480	1655459	2245568	0	2	1655457	1624903	223623	30554	0.981543	0.136632
main	8312	3901027	3235480	1655459	2245568	0	2	1655457	1636770	195296	18687	0.988712	0.095686
main	8357	3901027	3235480	1655459	2245568	0	0	1655459	1636741	226640	18718	0.988693	0.082589
main	8376	3901027	3235480	1655459	2245568	0	1	1655458	1638331	244874	17127	0.989654	0.069942
main	9057	3901027	3235480	1655459	2245568	0	5	1655454	1627978	218652	27476	0.983403	0.125661
main	9058	3901027	3235480	1655459	2245568	0	4	1655455	1630924	232343	24531	0.985182	0.105581
main	9323	3901027	3235480	1655459	2245568	0	6	1655453	1634612	249705	20841	0.987411	0.083462
main	9371	3901027	3235480	1655459	2245568	0	4	1655455	1633205	250956	22250	0.98656	0.088661
main	9394	3901027	3235480	1655459	2245568	0	2	1655457	1630572	233718	24885	0.984968	0.106474
main	9427	3901027	3235480	1655459	2245568	0	2	1655457	1634957	252596	20500	0.987617	0.081157
main	9481	3901027	3235480	1655459	2245568	0	2	1655457	1630866	218523	24591	0.985145	0.112533
main	9507	3901027	3235480	1655459	2245568	0	3	1655456	1507635	303931	147821	0.910707	0.486364
main	9510	3901027	3235480	1655459	2245568	0	3	1655456	1613662	249604	41794	0.974754	0.167441
main	9512	3901027	3235480	1655459	2245568	0	14	1655445	1626244	241233	29201	0.982361	0.121049
main	9517	3901027	3235480	1655459	2245568	0	2	1655457	1623179	230126	32278	0.980502	0.140262
main	9521	3901027	3235480	1655459	2245568	0	5	1655454	1627663	237122	27791	0.983212	0.117201
main	9522	3901027	3235480	1655459	2245568	0	1	1655458	1617059	243229	38399	0.976805	0.157872
main	9523	3901027	3235480	1655459	2245568	0	1	1655458	1628557	229875	26901	0.98375	0.117024
main	9524	3901027	3235480	1655459	2245568	0	9	1655450	1626383	254339	29067	0.982442	0.114284
main	9526	3901027	3235480	1655459	2245568	0	0	1655459	1629863	232466	25596	0.984538	0.110106
main	9527	3901027	3235480	1655459	2245568	0	4	1655455	1605216	246375	50239	0.969652	0.203913
main	9528	3901027	3235480	1655459	2245568	0	6	1655453	1617021	289896	38432	0.976785	0.132572
main	9529	3901027	3235480	1655459	2245568	0	3	1655456	1627076	235335	28380	0.982857	0.120594
main	9534	3901027	3235480	1655459	2245568	0	4	1655455	1624342	242326	31113	0.981206	0.128393
main	9535	3901027	3235480	1655459	2245568	0	14	1655445	1621895	258961	33550	0.979734	0.129556
main	9539	3901027	3235480	1655459	2245568	0	5	1655454	1622779	233808	32675	0.980262	0.139751
main	9544	3901027	3235480	1655459	2245568	0	0	1655459	1630510	234292	24949	0.984929	0.106487
main	9547	3901027	3235480	1655459	2245568	0	10	1655449	1627401	234751	28048	0.983057	0.11948
main	9548	3901027	3235480	1655459	2245568	0	3	1655456	1626089	236776	29367	0.98226	0.124029
main	9560	3901027	3235480	1655459	2245568	0	0	1655459	1631356	234570	24103	0.98544	0.102754
main	9562	3901027	3235480	1655459	2245568	0	1	1655458	1626541	259137	28917	0.982532	0.11159
main	9574	3901027	3235480	1655459	2245568	0	5	1655454	1578340	291246	77114	0.953418	0.264773
main	9577	3901027	3235480	1655459	2245568	0	1	1655458	1628023	266612	27435	0.983428	0.102902
main	9579	3901027	3235480	1655459	2245568	0	3	1655456	1627257	243406	28199	0.982966	0.115852
main	9584	3901027	3235480	1655459	2245568	0	0	1655459	1619818	228541	35641	0.978471	0.15595
main	9586	3901027	3235480	1655459	2245568	0	3	1655456	1628881	237030	26575	0.983947	0.112117
main	9587	3901027	3235480	1655459	2245568	0	5	1655454	1628003	226869	27451	0.983418	0.120999
main	9591	3901027	3235480	1655459	2245568	0	2	1655457	1622102	233812	33355	0.979851	0.142657
main	9595	3901027	3235480	1655459	2245568	0	5	1655454	1621494	241551	33960	0.979486	0.140591
main	9596	3901027	3235480	1655459	2245568	0	3	1655456	1618833	238489	36623	0.977877	0.153563
main	9597	3901027	3235480	1655459	2245568	0	8	1655451	1626016	228991	29435	0.982219	0.128542
main	9598	3901027	3235480	1655459	2245568	0	17	1655442	1595294	338144	60148	0.963667	0.177877
main	9602	3901027	3235480	1655459	2245568	0	2	1655457	1625908	236458	29549	0.982151	0.124965
main	9612	3901027	3235480	1655459	2245568	0	1	1655458	1626494	248590	28964	0.982504	0.116513
main	9619	3901027	3235480	1655459	2245568	0	0	1655459	1637190	247743	18269	0.988964	0.073742
main	9625	3901027	3235480	1655459	2245568	0	0	1655459	1636453	246897	19006	0.988519	0.076979
main	9629	3901027	3235480	1655459	2245568	0	1	1655458	1634366	243481	21092	0.987259	0.086627
main	9632	3901027	3235480	1655459	2245568	0	0	1655459	1635575	246658	19884	0.987989	0.080614
main	9634	3901027	3235480	1655459	2245568	0	2	1655457	1599249	265107	56208	0.966047	0.21202
main	9640	3901027	3235480	1655459	2245568	0	2	1655457	1634988	246460	20469	0.987635	0.083052
main	9643	3901027	3235480	1655459	2245568	0	1	1655458	1638285	246741	17173	0.989626	0.069599
main	9649	3901027	3235480	1655459	2245568	0	0	1655459	1609779	227505	45680	0.972406	0.200787
main	9657	3901027	3235480	1655459	2245568	0	3	1655456	1617730	227089	37726	0.977211	0.166129
main	9659	3901027	3235480	1655459	2245568	0	4	1655455	1611356	227638	44099	0.973361	0.193724
main	9697	3901027	3235480	1655459	2245568	0	3	1655456	1608556	228936	46900	0.971669	0.204861
main	9698	3901027	3235480	1655459	2245568	0	2	1655457	1608203	231814	47254	0.971456	0.203844
main	9699	3901027	3235480	1655459	2245568	0	6	1655453	1612506	223530	42947	0.974057	0.192131
main	9713	3901027	3235480	1655459	2245568	0	2	1655457	1605969	233134	49488	0.970106	0.212273
main	9716	3901027	3235480	1655459	2245568	0	11	1655448	1590613	248860	64835	0.960835	0.260528
main	9719	3901027	3235480	1655459	2245568	0	8	1655451	1599679	233175	55772	0.96631	0.239185
main	9723	3901027	3235480	1655459	2245568	0	2	1655457	1610356	233028	45101	0.972756	0.193543
main	9726	3901027	3235480	1655459	2245568	0	1	1655458	1591557	243104	63901	0.9614	0.262855
main	9736	3901027	3235480	1655459	2245568	0	1	1655458	1607313	232465	48145	0.970917	0.207106
main	9737	3901027	3235480	1655459	2245568	0	0	1655459	1636588	246666	18871	0.988601	0.076504
main	9739	3901027	3235480	1655459	2245568	0	2	1655457	1598493	232814	56964	0.96559	0.244676
main	9741	3901027	3235480	1655459	2245568	0	3	1655456	1606868	232226	48588	0.97065	0.209227
main	9743	3901027	3235480	1655459	2245568	0	1	1655458	1580828	248756	74630	0.954919	0.300013
main	9748	3901027	3235480	1655459	2245568	0	1	1655458	1574847	243783	80611	0.951306	0.330667
main	9749	3901027	3235480	1655459	2245568	0	1	1655458	1609012	229068	46446	0.971944	0.202761
main	9761	3901027	3235480	1655459	2245568	0	3	1655456	1631323	219493	24133	0.985422	0.109949
main	9766	3901027	3235480	1655459	2245568	0	1	1655458	1642529	245795	12929	0.99219	0.052601
main	9769	3901027	3235480	1655459	2245568	0	1	1655458	1634649	209021	20809	0.98743	0.099555
main	9774	3901027	3235480	1655459	2245568	0	7	1655452	1631719	205799	23733	0.985664	0.115321
main	9775	3901027	3235480	1655459	2245568	0	1	1655458	1608273	224390	47185	0.971497	0.210281
main	9779	3901027	3235480	1655459	2245568	0	5	1655454	1635182	205246	20272	0.987754	0.098769
main	9781	3901027	3235480	1655459	2245568	0	1	1655458	1631833	210428	23625	0.985729	0.112271
main	9782	3901027	3235480	1655459	2245568	0	1	1655458	1634274	209120	21184	0.987204	0.101301
main	9784	3901027	3235480	1655459	2245568	0	17	1655442	1635277	207356	20165	0.987819	0.097248
main	9803	3901027	3235480	1655459	2245568	0	0	1655459	1634651	207682	20808	0.987431	0.100192
main	9804	3901027	3235480	1655459	2245568	0	1	1655458	1631414	211833	24044	0.985476	0.113505
main	9813	3901027	3235480	1655459	2245568	0	5	1655454	1630797	212147	24657	0.985106	0.116226
main	9814	3901027	3235480	1655459	2245568	0	5	1655454	1628316	215946	27138	0.983607	0.12567
main	9820	3901027	3235480	1655459	2245568	0	4	1655455	1619892	248362	35563	0.978518	0.14319
main	9857	3901027	3235480	1655459	2245568	0	1	1655458	1606617	246681	48841	0.970497	0.197993
main	9920	3901027	3235480	1655459	2245568	0	1	1655458	1637644	213103	17814	0.989239	0.083593
main	9921	3901027	3235480	1655459	2245568	0	1	1655458	1636570	216303	18888	0.98859	0.087322
main	9925	3901027	3235480	1655459	2245568	0	2	1655457	1629159	218942	26298	0.984114	0.120114
main	9933	3901027	3235480	1655459	2245568	0	7	1655452	1645979	223502	9473	0.994278	0.042384
main	9941	3901027	3235480	1655459	2245568	0	0	1655459	1564600	251518	90859	0.945116	0.361243
main	9944	3901027	3235480	1655459	2245568	0	0	1655459	1573303	346845	82156	0.950373	0.236867
main	9965	3901027	3235480	1655459	2245568	0	1	1655458	1607550	235932	47908	0.971061	0.203059
main	9966	3901027	3235480	1655459	2245568	0	0	1655459	1581137	240972	74322	0.955105	0.308426
main	9977	3901027	3235480	1655459	2245568	0	0	1655459	1427795	328064	227664	0.862477	0.693962
main	9978	3901027	3235480	1655459	2245568	0	0	1655459	1570712	267627	84747	0.948808	0.316661
main	9985	3901027	3235480	1655459	2245568	0	0	1655459	1524943	272982	130516	0.92116	0.478112
