panel	ecotype	run	source	layout	status	files
main	265	SRR1945439	ENA	PE	OK	265_1.dedup.fq.gz;265_2.dedup.fq.gz
main	5151	SRR1945555	ENA	PE	OK	5151_1.dedup.fq.gz;5151_2.dedup.fq.gz
main	5165	SRR1945556	ENA	PE	OK	5165_1.dedup.fq.gz;5165_2.dedup.fq.gz
main	5768	SRR1945577	ENA	PE	OK	5768_1.dedup.fq.gz;5768_2.dedup.fq.gz
main	6013	SRR1945608	ENA	PE	OK	6013_1.dedup.fq.gz;6013_2.dedup.fq.gz
main	6025	SRR1945617	ENA	PE	OK	6025_1.dedup.fq.gz;6025_2.dedup.fq.gz
main	6040	SRR1945624	ENA	PE	OK	6040_1.dedup.fq.gz;6040_2.dedup.fq.gz
main	6073	SRR1945633	ENA	PE	OK	6073_1.dedup.fq.gz;6073_2.dedup.fq.gz
main	6074	SRR1945634	ENA	PE	OK	6074_1.dedup.fq.gz;6074_2.dedup.fq.gz
main	6108	SRR1945657	ENA	PE	OK	6108_1.dedup.fq.gz;6108_2.dedup.fq.gz
main	6177	SRR1945695	ENA	PE	OK	6177_1.dedup.fq.gz;6177_2.dedup.fq.gz
main	6180	SRR1945696	ENA	PE	OK	6180_1.dedup.fq.gz;6180_2.dedup.fq.gz
main	6188	SRR1945698	ENA	PE	OK	6188_1.dedup.fq.gz;6188_2.dedup.fq.gz
main	6195	SRR1945704	ENA	PE	OK	6195_1.dedup.fq.gz;6195_2.dedup.fq.gz
main	6209	SRR1945709	ENA	PE	OK	6209_1.dedup.fq.gz;6209_2.dedup.fq.gz
main	6216	SRR1945712	ENA	PE	OK	6216_1.dedup.fq.gz;6216_2.dedup.fq.gz
main	6243	SRR1945724	ENA	PE	OK	6243_1.dedup.fq.gz;6243_2.dedup.fq.gz
main	6940	SRR1945775	ENA	PE	OK	6940_1.dedup.fq.gz;6940_2.dedup.fq.gz
main	6961	SRR1945785	ENA	PE	OK	6961_1.dedup.fq.gz;6961_2.dedup.fq.gz
main	6987	SRR1945802	ENA	PE	OK	6987_1.dedup.fq.gz;6987_2.dedup.fq.gz
main	7008	SRR1945810	ENA	PE	OK	7008_1.dedup.fq.gz;7008_2.dedup.fq.gz
main	7013	SRR1945811	ENA	PE	OK	7013_1.dedup.fq.gz;7013_2.dedup.fq.gz
main	7028	SRR1945815	ENA	PE	OK	7028_1.dedup.fq.gz;7028_2.dedup.fq.gz
main	7031	SRR1945816	ENA	PE	OK	7031_1.dedup.fq.gz;7031_2.dedup.fq.gz
main	7036	SRR1945818	ENA	PE	OK	7036_1.dedup.fq.gz;7036_2.dedup.fq.gz
main	7062	SRR1945821	ENA	PE	OK	7062_1.dedup.fq.gz;7062_2.dedup.fq.gz
main	7067	SRR1945824	ENA	PE	OK	7067_1.dedup.fq.gz;7067_2.dedup.fq.gz
main	7071	SRR1945826	ENA	PE	OK	7071_1.dedup.fq.gz;7071_2.dedup.fq.gz
main	7077	SRR1945828	ENA	PE	OK	7077_1.dedup.fq.gz;7077_2.dedup.fq.gz
main	7103	SRR1945834	ENA	PE	OK	7103_1.dedup.fq.gz;7103_2.dedup.fq.gz
main	7106	SRR1945835	ENA	PE	OK	7106_1.dedup.fq.gz;7106_2.dedup.fq.gz
main	7125	SRR1945842	ENA	PE	OK	7125_1.dedup.fq.gz;7125_2.dedup.fq.gz
main	7126	SRR1945843	ENA	PE	OK	7126_1.dedup.fq.gz;7126_2.dedup.fq.gz
main	7165	SRR1945856	ENA	PE	OK	7165_1.dedup.fq.gz;7165_2.dedup.fq.gz
main	7203	SRR1945865	ENA	PE	OK	7203_1.dedup.fq.gz;7203_2.dedup.fq.gz
main	7209	SRR1945868	ENA	PE	OK	7209_1.dedup.fq.gz;7209_2.dedup.fq.gz
main	7218	SRR1945871	ENA	PE	OK	7218_1.dedup.fq.gz;7218_2.dedup.fq.gz
main	7244	SRR1945875	ENA	PE	OK	7244_1.dedup.fq.gz;7244_2.dedup.fq.gz
main	7268	SRR1945880	ENA	PE	OK	7268_1.dedup.fq.gz;7268_2.dedup.fq.gz
main	7273	SRR1945881	ENA	PE	OK	7273_1.dedup.fq.gz;7273_2.dedup.fq.gz
main	7276	SRR1945882	ENA	PE	OK	7276_1.dedup.fq.gz;7276_2.dedup.fq.gz
main	7282	SRR1945884	ENA	PE	OK	7282_1.dedup.fq.gz;7282_2.dedup.fq.gz
main	7287	SRR1945885	ENA	PE	MISSING_OUTPUT	7287_1.dedup.fq.gz;7287_2.dedup.fq.gz
main	7296	SRR1945887	ENA	PE	OK	7296_1.dedup.fq.gz;7296_2.dedup.fq.gz
main	7333	SRR1945901	ENA	PE	OK	7333_1.dedup.fq.gz;7333_2.dedup.fq.gz
main	7353	SRR1945910	ENA	PE	OK	7353_1.dedup.fq.gz;7353_2.dedup.fq.gz
main	7384	SRR1945921	ENA	PE	OK	7384_1.dedup.fq.gz;7384_2.dedup.fq.gz
main	7394	SRR1945923	ENA	PE	OK	7394_1.dedup.fq.gz;7394_2.dedup.fq.gz
main	7404	SRR1945925	ENA	PE	OK	7404_1.dedup.fq.gz;7404_2.dedup.fq.gz
main	7521	SRR1945946	ENA	PE	OK	7521_1.dedup.fq.gz;7521_2.dedup.fq.gz
main	8240	SRR1945975	ENA	PE	OK	8240_1.dedup.fq.gz;8240_2.dedup.fq.gz
main	8311	SRR1945994	ENA	PE	OK	8311_1.dedup.fq.gz;8311_2.dedup.fq.gz
main	8312	SRR1945995	ENA	PE	OK	8312_1.dedup.fq.gz;8312_2.dedup.fq.gz
main	8357	SRR1946003	ENA	PE	OK	8357_1.dedup.fq.gz;8357_2.dedup.fq.gz
main	8376	SRR1946007	ENA	PE	OK	8376_1.dedup.fq.gz;8376_2.dedup.fq.gz
main	9057	SRR1946021	ENA	PE	OK	9057_1.dedup.fq.gz;9057_2.dedup.fq.gz
main	9058	SRR1946022	ENA	PE	OK	9058_1.dedup.fq.gz;9058_2.dedup.fq.gz
main	9323	SRR1946057	ENA	PE	OK	9323_1.dedup.fq.gz;9323_2.dedup.fq.gz
main	9371	SRR1946067	ENA	PE	OK	9371_1.dedup.fq.gz;9371_2.dedup.fq.gz
main	9394	SRR1946077	ENA	PE	OK	9394_1.dedup.fq.gz;9394_2.dedup.fq.gz
main	9427	SRR1946090	ENA	PE	OK	9427_1.dedup.fq.gz;9427_2.dedup.fq.gz
main	9481	SRR1946104	ENA	PE	OK	9481_1.dedup.fq.gz;9481_2.dedup.fq.gz
main	9507	SRR1946107	ENA	PE	OK	9507_1.dedup.fq.gz;9507_2.dedup.fq.gz
main	9510	SRR1946110	ENA	PE	OK	9510_1.dedup.fq.gz;9510_2.dedup.fq.gz
main	9512	SRR1946112	ENA	PE	OK	9512_1.dedup.fq.gz;9512_2.dedup.fq.gz
main	9517	SRR1946116	ENA	PE	OK	9517_1.dedup.fq.gz;9517_2.dedup.fq.gz
main	9521	SRR1946120	ENA	PE	OK	9521_1.dedup.fq.gz;9521_2.dedup.fq.gz
main	9522	SRR1946121	ENA	PE	OK	9522_1.dedup.fq.gz;9522_2.dedup.fq.gz
main	9523	SRR1946122	ENA	PE	OK	9523_1.dedup.fq.gz;9523_2.dedup.fq.gz
main	9524	SRR1946123	ENA	PE	OK	9524_1.dedup.fq.gz;9524_2.dedup.fq.gz
main	9526	SRR1946125	ENA	PE	OK	9526_1.dedup.fq.gz;9526_2.dedup.fq.gz
main	9527	SRR1946126	ENA	PE	OK	9527_1.dedup.fq.gz;9527_2.dedup.fq.gz
main	9528	SRR1946127	ENA	PE	OK	9528_1.dedup.fq.gz;9528_2.dedup.fq.gz
main	9529	SRR1946128	ENA	PE	OK	9529_1.dedup.fq.gz;9529_2.dedup.fq.gz
main	9534	SRR1946133	ENA	PE	OK	9534_1.dedup.fq.gz;9534_2.dedup.fq.gz
main	9535	SRR1946134	ENA	PE	OK	9535_1.dedup.fq.gz;9535_2.dedup.fq.gz
main	9539	SRR1946137	ENA	PE	OK	9539_1.dedup.fq.gz;9539_2.dedup.fq.gz
main	9544	SRR1946142	ENA	PE	OK	9544_1.dedup.fq.gz;9544_2.dedup.fq.gz
main	9547	SRR1946145	ENA	PE	OK	9547_1.dedup.fq.gz;9547_2.dedup.fq.gz
main	9548	SRR1946146	ENA	PE	OK	9548_1.dedup.fq.gz;9548_2.dedup.fq.gz
main	9560	SRR1946158	ENA	PE	OK	9560_1.dedup.fq.gz;9560_2.dedup.fq.gz
main	9562	SRR1946160	ENA	PE	OK	9562_1.dedup.fq.gz;9562_2.dedup.fq.gz
main	9574	SRR1946168	ENA	PE	OK	9574_1.dedup.fq.gz;9574_2.dedup.fq.gz
main	9577	SRR1946170	ENA	PE	OK	9577_1.dedup.fq.gz;9577_2.dedup.fq.gz
main	9579	SRR1946172	ENA	PE	OK	9579_1.dedup.fq.gz;9579_2.dedup.fq.gz
main	9584	SRR1946176	ENA	PE	OK	9584_1.dedup.fq.gz;9584_2.dedup.fq.gz
main	9586	SRR1946178	ENA	PE	OK	9586_1.dedup.fq.gz;9586_2.dedup.fq.gz
main	9587	SRR1946179	ENA	PE	OK	9587_1.dedup.fq.gz;9587_2.dedup.fq.gz
main	9591	SRR1946183	ENA	PE	OK	9591_1.dedup.fq.gz;9591_2.dedup.fq.gz
main	9595	SRR1946187	ENA	PE	OK	9595_1.dedup.fq.gz;9595_2.dedup.fq.gz
main	9596	SRR1946188	ENA	PE	OK	9596_1.dedup.fq.gz;9596_2.dedup.fq.gz
main	9597	SRR1946189	ENA	PE	OK	9597_1.dedup.fq.gz;9597_2.dedup.fq.gz
main	9598	SRR1946190	ENA	PE	OK	9598_1.dedup.fq.gz;9598_2.dedup.fq.gz
main	9602	SRR1946194	ENA	PE	OK	9602_1.dedup.fq.gz;9602_2.dedup.fq.gz
main	9612	SRR1946201	ENA	PE	OK	9612_1.dedup.fq.gz;9612_2.dedup.fq.gz
main	9619	SRR1946206	ENA	PE	OK	9619_1.dedup.fq.gz;9619_2.dedup.fq.gz
main	9625	SRR1946211	ENA	PE	OK	9625_1.dedup.fq.gz;9625_2.dedup.fq.gz
main	9629	SRR1946215	ENA	PE	OK	9629_1.dedup.fq.gz;9629_2.dedup.fq.gz
main	9632	SRR1946218	ENA	PE	OK	9632_1.dedup.fq.gz;9632_2.dedup.fq.gz
main	9634	SRR1946220	ENA	PE	OK	9634_1.dedup.fq.gz;9634_2.dedup.fq.gz
main	9640	SRR1946226	ENA	PE	OK	9640_1.dedup.fq.gz;9640_2.dedup.fq.gz
main	9643	SRR1946229	ENA	PE	OK	9643_1.dedup.fq.gz;9643_2.dedup.fq.gz
main	9649	SRR1946235	ENA	PE	OK	9649_1.dedup.fq.gz;9649_2.dedup.fq.gz
main	9657	SRR1946240	ENA	PE	OK	9657_1.dedup.fq.gz;9657_2.dedup.fq.gz
main	9659	SRR1946242	ENA	PE	OK	9659_1.dedup.fq.gz;9659_2.dedup.fq.gz
main	9697	SRR1946276	ENA	PE	OK	9697_1.dedup.fq.gz;9697_2.dedup.fq.gz
main	9698	SRR1946277	ENA	PE	OK	9698_1.dedup.fq.gz;9698_2.dedup.fq.gz
main	9699	SRR1946278	ENA	PE	OK	9699_1.dedup.fq.gz;9699_2.dedup.fq.gz
main	9713	SRR1946291	ENA	PE	OK	9713_1.dedup.fq.gz;9713_2.dedup.fq.gz
main	9716	SRR1946293	ENA	PE	OK	9716_1.dedup.fq.gz;9716_2.dedup.fq.gz
main	9719	SRR1946296	ENA	PE	OK	9719_1.dedup.fq.gz;9719_2.dedup.fq.gz
main	9723	SRR1946300	ENA	PE	OK	9723_1.dedup.fq.gz;9723_2.dedup.fq.gz
main	9726	SRR1946302	ENA	PE	OK	9726_1.dedup.fq.gz;9726_2.dedup.fq.gz
main	9736	SRR1946311	ENA	PE	OK	9736_1.dedup.fq.gz;9736_2.dedup.fq.gz
main	9737	SRR1946312	ENA	PE	OK	9737_1.dedup.fq.gz;9737_2.dedup.fq.gz
main	9739	SRR1946314	ENA	PE	OK	9739_1.dedup.fq.gz;9739_2.dedup.fq.gz
main	9741	SRR1946315	ENA	PE	OK	9741_1.dedup.fq.gz;9741_2.dedup.fq.gz
main	9743	SRR1946316	ENA	PE	OK	9743_1.dedup.fq.gz;9743_2.dedup.fq.gz
main	9748	SRR1946320	ENA	PE	OK	9748_1.dedup.fq.gz;9748_2.dedup.fq.gz
main	9749	SRR1946321	ENA	PE	OK	9749_1.dedup.fq.gz;9749_2.dedup.fq.gz
main	9761	SRR1946328	ENA	PE	OK	9761_1.dedup.fq.gz;9761_2.dedup.fq.gz
main	9766	SRR1946331	ENA	PE	OK	9766_1.dedup.fq.gz;9766_2.dedup.fq.gz
main	9769	SRR1946333	ENA	PE	OK	9769_1.dedup.fq.gz;9769_2.dedup.fq.gz
main	9774	SRR1946337	ENA	PE	OK	9774_1.dedup.fq.gz;9774_2.dedup.fq.gz
main	9775	SRR1946338	ENA	PE	OK	9775_1.dedup.fq.gz;9775_2.dedup.fq.gz
main	9779	SRR1946342	ENA	PE	OK	9779_1.dedup.fq.gz;9779_2.dedup.fq.gz
main	9781	SRR1946344	ENA	PE	OK	9781_1.dedup.fq.gz;9781_2.dedup.fq.gz
main	9782	SRR1946345	ENA	PE	OK	9782_1.dedup.fq.gz;9782_2.dedup.fq.gz
main	9784	SRR1946347	ENA	PE	OK	9784_1.dedup.fq.gz;9784_2.dedup.fq.gz
main	9803	SRR1946366	ENA	PE	OK	9803_1.dedup.fq.gz;9803_2.dedup.fq.gz
main	9804	SRR1946367	ENA	PE	OK	9804_1.dedup.fq.gz;9804_2.dedup.fq.gz
main	9813	SRR1946376	ENA	PE	OK	9813_1.dedup.fq.gz;9813_2.dedup.fq.gz
main	9814	SRR1946377	ENA	PE	OK	9814_1.dedup.fq.gz;9814_2.dedup.fq.gz
main	9820	SRR1946382	ENA	PE	OK	9820_1.dedup.fq.gz;9820_2.dedup.fq.gz
main	9857	SRR1946417	ENA	PE	OK	9857_1.dedup.fq.gz;9857_2.dedup.fq.gz
main	9920	SRR1946469	ENA	PE	OK	9920_1.dedup.fq.gz;9920_2.dedup.fq.gz
main	9921	SRR1946470	ENA	PE	OK	9921_1.dedup.fq.gz;9921_2.dedup.fq.gz
main	9925	SRR1946472	ENA	PE	OK	9925_1.dedup.fq.gz;9925_2.dedup.fq.gz
main	9933	SRR1946479	ENA	PE	OK	9933_1.dedup.fq.gz;9933_2.dedup.fq.gz
main	9941	SRR1946484	ENA	SE	OK	9941.dedup.fq.gz
main	9944	SRR1946487	ENA	SE	OK	9944.dedup.fq.gz
main	9965	SRR1946506	ENA	SE	OK	9965.dedup.fq.gz
main	9966	SRR1946507	ENA	SE	OK	9966.dedup.fq.gz
main	9978	SRR1946517	ENA	SE	OK	9978.dedup.fq.gz
main	9985	SRR1946524	ENA	SE	OK	9985.dedup.fq.gz
main	10011	SRR1946544	ENA	SE	OK	10011.dedup.fq.gz
main	10013	SRR1946546	ENA	SE	OK	10013.dedup.fq.gz
main	10014	SRR1946547	ENA	SE	OK	10014.dedup.fq.gz
main	100001	xwu_BAM	xwu_BAM	PE	OK	100001_1.dedup.fq.gz;100001_2.dedup.fq.gz
main	100002	xwu_BAM	xwu_BAM	PE	OK	100002_1.dedup.fq.gz;100002_2.dedup.fq.gz
main	9977	SRR095751	ENA	PE	OK	9977_1.dedup.fq.gz;9977_2.dedup.fq.gz
