panel	ecotype	layout	trim_in	trim_both_surv	trim_fwd_only	trim_rev_only	trim_surv	trim_dropped	trim_drop_pct	read_count	base_count	library_layout	instrument_model	clump_in	clump_out	dup_count	dup_pct	gz_r1	gz_r2	n_r1	n_r2	pair_ok	bases_total	cov_est	lmean_r1	lmean_r2	qc_reads_total	trim_out	clump_in_pairs	clump_out_pairs	qc_reads_pairs	pct_ena_to_trim_in	pct_trim_surv	pct_clump_link	pct_clump_keep	pct_qc_link	flag_ena_link	flag_low_trim	flag_high_dup	flag_clump_link	flag_qc_link	flag_low_cov
main	265	PE	27556948	19661703.0	2215784.0	2228450.0		3451011	12.52	27556948.0	5511389600.0	PAIRED	Illumina HiSeq 2000	39323406	37879854	1443552	3.671	OK	OK	18939927.0	18939927.0	yes	3413111599.0	28.51	85.3	94.9	37879854.0	19661703.0	19661703.0	18939927.0	18939927.0	100.0	71.34934899176788	100.0	96.32902602587376	100.0	False	False	False	False	False	False
main	5151	PE	13000973	12045357.0	162614.0	491493.0		301509	2.32	13000973.0	2600194600.0	PAIRED	Illumina HiSeq 2000	24090714	21864268	2226446	9.242	OK	OK	10932134.0	10932134.0	yes	2145398343.0	17.92	97.5	98.7	21864268.0	12045357.0	12045357.0	10932134.0	10932134.0	100.0	92.64965783714804	100.0	90.75807383708096	100.0	False	False	False	False	False	False
main	5165	PE	13309856	12441049.0	199971.0	382873.0		285963	2.15	13309856.0	2661971200.0	PAIRED	Illumina HiSeq 2000	24882098	23230942	1651156	6.636	OK	OK	11615471.0	11615471.0	yes	2284720365.0	19.09	98.1	98.6	23230942.0	12441049.0	12441049.0	11615471.0	11615471.0	100.0	93.47245379664513	100.0	93.3640804726354	100.0	False	False	False	False	False	False
main	5768	PE	26289400	20386383.0	896527.0	2368247.0		2638243	10.04	26289400.0	5257880000.0	PAIRED	Illumina HiSeq 2000	40772766	39130108	1642658	4.029	OK	OK	19565054.0	19565054.0	yes	3526841673.0	29.46	84.9	95.3	39130108.0	20386383.0	20386383.0	19565054.0	19565054.0	100.0	77.54601854739933	100.0	95.97118821911666	100.0	False	False	False	False	False	False
main	6013	PE	33056327	28175089.0	3065930.0	843604.0		971704	2.94	33056327.0	5024561704.0	PAIRED	Illumina Genome Analyzer IIx	56350178	47540700	8809478	15.633	OK	OK	23770350.0	23770350.0	yes	3510578026.0	29.33	73.9	73.8	47540700.0	28175089.0	28175089.0	23770350.0	23770350.0	100.0	85.23357419594743	100.0	84.36654805243029	100.0	False	False	False	False	False	False
main	6025	PE	25833442	24512243.0	921440.0	247561.0		152198	0.59	25833442.0	3926683184.0	PAIRED	Illumina Genome Analyzer IIx	49024486	43872298	5152188	10.509	OK	OK	21936149.0	21936149.0	yes	3268587213.0	27.31	73.7	75.3	43872298.0	24512243.0	24512243.0	21936149.0	21936149.0	100.0	94.88570280336627	100.0	89.49058231839493	100.0	False	False	False	False	False	False
main	6040	PE	20306156	17419166.0	1646263.0	715981.0		524746	2.58	20306156.0	3086535712.0	PAIRED	Illumina Genome Analyzer IIx	34838332	29375894	5462438	15.679	OK	OK	14687947.0	14687947.0	yes	2146080012.0	17.93	74.0	72.1	29375894.0	17419166.0	17419166.0	14687947.0	14687947.0	100.0	85.78268580227592	100.0	84.3206098386111	100.0	False	False	False	False	False	False
main	6073	PE	41324439	36752343.0	1909967.0	1779640.0		882489	2.14	41324439.0	6281314728.0	PAIRED	Illumina Genome Analyzer IIx	73504686	62403252	11101434	15.103	OK	OK	31201626.0	31201626.0	yes	4566653893.0	38.15	73.3	73.0	62403252.0	36752343.0	36752343.0	31201626.0	31201626.0	100.0	88.93609662795421	100.0	84.8969710584166	100.0	False	False	False	False	False	False
main	6074	PE	22358310	18535341.0	2151304.0	894480.0		777185	3.48	22358310.0	3398463120.0	PAIRED	Illumina Genome Analyzer IIx	37070682	31040680	6030002	16.266	OK	OK	15520340.0	15520340.0	yes	2252442139.0	18.82	74.6	70.6	31040680.0	18535341.0	18535341.0	15520340.0	15520340.0	100.0	82.9013507729341	100.0	83.73377107008714	100.0	False	False	False	False	False	False
main	6108	PE	31334475	26743647.0	2342325.0	1175358.0		1073145	3.42	31334475.0	4762840200.0	PAIRED	Illumina Genome Analyzer IIx	53487294	45329586	8157708	15.252	OK	OK	22664793.0	22664793.0	yes	3344340447.0	27.94	73.9	73.7	45329586.0	26743647.0	26743647.0	22664793.0	22664793.0	100.0	85.34895510456136	100.0	84.74832546211816	100.0	False	False	False	False	False	False
main	6177	PE	32564591	30124914.0	1268187.0	908713.0		262777	0.81	32564591.0	4949817832.0	PAIRED	Illumina Genome Analyzer IIx	60249828	51697440	8552388	14.195	OK	OK	25848720.0	25848720.0	yes	3787946094.0	31.65	73.2	73.3	51697440.0	30124914.0	30124914.0	25848720.0	25848720.0	100.0	92.50819087517482	100.0	85.8051246220985	100.0	False	False	False	False	False	False
main	6180	PE	29418122	26404753.0	1369590.0	1314676.0		329103	1.12	29418122.0	4471554544.0	PAIRED	Illumina Genome Analyzer IIx	52809506	48059344	4750162	8.995	OK	OK	24029672.0	24029672.0	yes	3516560209.0	29.38	73.0	73.3	48059344.0	26404753.0	26404753.0	24029672.0	24029672.0	100.0	89.75675945595711	100.0	91.00510048323497	100.0	False	False	False	False	False	False
main	6188	PE	25625248	20567149.0	2790055.0	840326.0		1427718	5.57	25625248.0	3895037696.0	PAIRED	Illumina Genome Analyzer IIx	41134298	38698058	2436240	5.923	OK	OK	19349029.0	19349029.0	yes	2863892528.0	23.93	73.8	74.2	38698058.0	20567149.0	20567149.0	19349029.0	19349029.0	100.0	80.26126810558087	100.0	94.07735121673889	100.0	False	False	False	False	False	False
main	6195	PE	32951865	27101627.0	1674329.0	3373663.0		802246	2.43	32951865.0	5008683480.0	PAIRED	Illumina Genome Analyzer IIx	54203254	53106590	1096664	2.023	OK	OK	26553295.0	26553295.0	yes	3747390508.0	31.31	67.8	73.3	53106590.0	27101627.0	27101627.0	26553295.0	26553295.0	100.0	82.24610959045869	100.0	97.97675615563597	100.0	False	False	False	False	False	False
main	6209	PE	40404632	36582007.0	2116398.0	1166277.0		539950	1.34	40404632.0	6141504064.0	PAIRED	Illumina Genome Analyzer IIx	73164014	64349584	8814430	12.047	OK	OK	32174792.0	32174792.0	yes	4750308760.0	39.69	73.9	73.7	64349584.0	36582007.0	36582007.0	32174792.0	32174792.0	100.0	90.53914165088794	100.0	87.95250626899721	100.0	False	False	False	False	False	False
main	6216	PE	74276791	68128818.0	3087771.0	1728337.0		1331865	1.79	74276791.0	11290072232.0	PAIRED	Illumina HiSeq 2000	136257636	94376352	41881284	30.737	OK	OK	47188176.0	47188176.0	yes	6911009930.0	57.74	73.0	73.4	94376352.0	68128818.0	68128818.0	47188176.0	47188176.0	100.0	91.72288824378533	100.0	69.26316555205757	100.0	False	False	False	False	False	False
main	6243	PE	22300557	18626034.0	2101235.0	842183.0		731105	3.28	22300557.0	3389684664.0	PAIRED	Illumina Genome Analyzer IIx	37252068	31013178	6238890	16.748	OK	OK	15506589.0	15506589.0	yes	2235025279.0	18.67	74.4	69.7	31013178.0	18626034.0	18626034.0	15506589.0	15506589.0	100.0	83.52272994795601	100.0	83.25223179556099	100.0	False	False	False	False	False	False
main	6940	PE	10195518	8452453.0	734136.0	421591.0		587338	5.76	10195518.0	2059494636.0	PAIRED	Illumina HiSeq 2000	16904906	16838610	66296	0.392	OK	OK	8419305.0	8419305.0	yes	1577429522.0	13.18	93.2	94.2	16838610.0	8452453.0	8452453.0	8419305.0	8419305.0	100.0	82.90361509832064	100.0	99.60782982170974	100.0	False	False	False	False	False	False
main	6961	PE	13228869	11662744.0	267631.0	612648.0		685846	5.18	13228869.0	2672231538.0	PAIRED	Illumina HiSeq 2000	23325488	23137204	188284	0.807	OK	OK	11568602.0	11568602.0	yes	2244571310.0	18.75	96.8	97.3	23137204.0	11662744.0	11662744.0	11568602.0	11568602.0	100.0	88.16130842326733	100.0	99.1927971667731	100.0	False	False	False	False	False	False
main	6987	PE	8524299	7107156.0	751891.0	296958.0		368294	4.32	8524299.0	1721908398.0	PAIRED	Illumina HiSeq 2000	14214312	14162018	52294	0.368	OK	OK	7081009.0	7081009.0	yes	1339056487.0	11.19	95.2	93.9	14162018.0	7107156.0	7107156.0	7081009.0	7081009.0	100.0	83.37525466903496	100.0	99.63210319289459	100.0	False	False	False	False	False	False
main	7008	PE	9753320	8593591.0	579754.0	297135.0		282840	2.9	9753320.0	1970170640.0	PAIRED	Illumina HiSeq 2000	17187182	17155290	31892	0.186	OK	OK	8577645.0	8577645.0	yes	1602889454.0	13.39	94.2	92.7	17155290.0	8593591.0	8593591.0	8577645.0	8577645.0	100.0	88.10939249404306	100.0	99.81444311231475	100.0	False	False	False	False	False	False
main	7013	PE	10573164	8792721.0	952066.0	367744.0		460633	4.36	10573164.0	2135779128.0	PAIRED	Illumina HiSeq 2000	17585442	17526272	59170	0.336	OK	OK	8763136.0	8763136.0	yes	1653305949.0	13.81	94.9	93.7	17526272.0	8792721.0	8792721.0	8763136.0	8763136.0	100.0	83.16073599161045	100.0	99.66352850272402	100.0	False	False	False	False	False	False
main	7028	PE	11376638	9963059.0	301444.0	466742.0		645393	5.67	11376638.0	2298080876.0	PAIRED	Illumina HiSeq 2000	19926118	19786642	139476	0.7	OK	OK	9893321.0	9893321.0	yes	1918107548.0	16.02	96.5	97.4	19786642.0	9963059.0	9963059.0	9893321.0	9893321.0	100.0	87.57472110829228	100.0	99.30003425654711	100.0	False	False	False	False	False	False
main	7031	PE	8484263	7491131.0	395850.0	374474.0		222808	2.63	8484263.0	1713821126.0	PAIRED	Illumina HiSeq 2000	14982262	14945362	36900	0.246	OK	OK	7472681.0	7472681.0	yes	1401519207.0	11.71	92.8	94.7	14945362.0	7491131.0	7491131.0	7472681.0	7472681.0	100.0	88.29442227333124	100.0	99.75370875239	100.0	False	False	False	False	False	False
main	7036	PE	15922078	13906682.0	651545.0	421213.0		942638	5.92	15922078.0	3216259756.0	PAIRED	Illumina HiSeq 2000	27813364	27519976	293388	1.055	OK	OK	13759988.0	13759988.0	yes	2669956726.0	22.31	97.5	96.6	27519976.0	13906682.0	13906682.0	13759988.0	13759988.0	100.0	87.34212958886397	100.0	98.94515456670398	100.0	False	False	False	False	False	False
main	7062	PE	17494845	15265148.0	467462.0	724532.0		1037703	5.93	17494845.0	3533958690.0	PAIRED	Illumina HiSeq 2000	30530296	30162958	367338	1.203	OK	OK	15081479.0	15081479.0	yes	2921065287.0	24.4	96.4	97.3	30162958.0	15265148.0	15265148.0	15081479.0	15081479.0	100.0	87.25512000820814	100.0	98.79680825891764	100.0	False	False	False	False	False	False
main	7067	PE	25384421	23387857.0	736151.0	778242.0		482171	1.9	25384421.0	2589210942.0	PAIRED	Illumina Genome Analyzer II	46775714	43497702	3278012	7.008	OK	OK	21748851.0	21748851.0	yes	2210545241.0	18.47	50.8	50.9	43497702.0	23387857.0	23387857.0	21748851.0	21748851.0	100.0	92.1346876495627	100.0	92.99206421520364	100.0	False	False	False	False	False	False
main	7071	PE	12183076	10373698.0	1096881.0	270491.0		442006	3.63	12183076.0	2460981352.0	PAIRED	Illumina HiSeq 2000	20747396	20721878	25518	0.123	OK	OK	10360939.0	10360939.0	yes	1898482401.0	15.86	94.4	88.8	20721878.0	10373698.0	10373698.0	10360939.0	10360939.0	100.0	85.14843049489308	100.0	99.87700625177251	100.0	False	False	False	False	False	False
main	7077	PE	9909746	8699787.0	590798.0	322197.0		296964	3.0	9909746.0	2001768692.0	PAIRED	Illumina HiSeq 2000	17399574	17367578	31996	0.184	OK	OK	8683789.0	8683789.0	yes	1610548377.0	13.45	93.4	92.0	17367578.0	8699787.0	8699787.0	8683789.0	8683789.0	100.0	87.79021177737553	100.0	99.81611044040504	100.0	False	False	False	False	False	False
main	7103	PE	8917383	7522168.0	804692.0	257414.0		333109	3.74	8917383.0	1801311366.0	PAIRED	Illumina HiSeq 2000	15044336	15002970	41366	0.275	OK	OK	7501485.0	7501485.0	yes	1419822397.0	11.86	95.4	93.8	15002970.0	7522168.0	7522168.0	7501485.0	7501485.0	100.0	84.35398591716876	100.0	99.72503937694557	100.0	False	False	False	False	False	False
main	7106	PE	9607135	8007043.0	843987.0	334138.0		421967	4.39	9607135.0	1940641270.0	PAIRED	Illumina HiSeq 2000	16014086	15957086	57000	0.356	OK	OK	7978543.0	7978543.0	yes	1509137933.0	12.61	95.2	94.0	15957086.0	8007043.0	8007043.0	7978543.0	7978543.0	100.0	83.3447536648543	100.0	99.64406335772145	100.0	False	False	False	False	False	False
main	7125	PE	15636577	13687864.0	685026.0	373049.0		890638	5.7	15636577.0	3158588554.0	PAIRED	Illumina HiSeq 2000	27375728	27230654	145074	0.53	OK	OK	13615327.0	13615327.0	yes	2623461578.0	21.92	96.8	95.8	27230654.0	13687864.0	13687864.0	13615327.0	13615327.0	100.0	87.5374706369559	100.0	99.47006340799412	100.0	False	False	False	False	False	False
main	7126	PE	12184312	10329675.0	1123390.0	276742.0		454505	3.73	12184312.0	2461231024.0	PAIRED	Illumina HiSeq 2000	20659350	20638670	20680	0.1	OK	OK	10319335.0	10319335.0	yes	1887684625.0	15.77	94.2	88.7	20638670.0	10329675.0	10329675.0	10319335.0	10319335.0	100.0	84.7784840046775	100.0	99.89990004525797	100.0	False	False	False	False	False	False
main	7165	PE	11170964	9943240.0	626599.0	321516.0		279609	2.5	11170964.0	2256534728.0	PAIRED	Illumina HiSeq 2000	19886480	19826564	59916	0.301	OK	OK	9913282.0	9913282.0	yes	1841309718.0	15.38	93.3	92.5	19826564.0	9943240.0	9943240.0	9913282.0	9913282.0	100.0	89.00968618285762	100.0	99.69870987726335	100.0	False	False	False	False	False	False
main	7203	PE	17623506	15401762.0	704415.0	459326.0		1058003	6.0	17623506.0	3559948212.0	PAIRED	Illumina HiSeq 2000	30803524	30546790	256734	0.833	OK	OK	15273395.0	15273395.0	yes	2965570616.0	24.78	97.5	96.6	30546790.0	15401762.0	15401762.0	15273395.0	15273395.0	100.0	87.39329166398558	100.0	99.16654341237061	100.0	False	False	False	False	False	False
main	7209	PE	20083405	17019370.0	1042571.0	560197.0		1461267	7.28	20083405.0	4056847810.0	PAIRED	Illumina HiSeq 2000	34038740	33806434	232306	0.682	OK	OK	16903217.0	16903217.0	yes	3240387854.0	27.07	95.8	95.9	33806434.0	17019370.0	17019370.0	16903217.0	16903217.0	100.0	84.74344863333683	100.0	99.31752467923314	100.0	False	False	False	False	False	False
main	7218	PE	9009666	7838468.0	637490.0	262304.0		271404	3.01	9009666.0	1819952532.0	PAIRED	Illumina HiSeq 2000	15676936	15615514	61422	0.392	OK	OK	7807757.0	7807757.0	yes	1487695075.0	12.43	95.7	94.8	15615514.0	7838468.0	7838468.0	7807757.0	7807757.0	100.0	87.00065019058421	100.0	99.60820150059935	100.0	False	False	False	False	False	False
main	7244	PE	8410105	7205916.0	677441.0	249491.0		277257	3.3	8410105.0	1698841210.0	PAIRED	Illumina HiSeq 2000	14411832	14351392	60440	0.419	OK	OK	7175696.0	7175696.0	yes	1361454707.0	11.37	95.5	94.3	14351392.0	7205916.0	7205916.0	7175696.0	7175696.0	100.0	85.68164131125592	100.0	99.58062236640005	100.0	False	False	False	False	False	False
main	7268	PE	8898222	7322693.0	656954.0	384868.0		533707	6.0	8898222.0	1797440844.0	PAIRED	Illumina HiSeq 2000	14645386	14606280	39106	0.267	OK	OK	7303140.0	7303140.0	yes	1363825251.0	11.39	92.8	93.9	14606280.0	7322693.0	7322693.0	7303140.0	7303140.0	100.0	82.29388972313795	100.0	99.73298074902225	100.0	False	False	False	False	False	False
main	7273	PE	31052494	27819870.0	1653847.0	1216386.0		362391	1.17	31052494.0	3167354388.0	PAIRED	Illumina Genome Analyzer II	55639740	53118094	2521646	4.532	OK	OK	26559047.0	26559047.0	yes	2692092278.0	22.49	50.7	50.7	53118094.0	27819870.0	27819870.0	26559047.0	26559047.0	100.0	89.58980879281387	100.0	95.46790477453705	100.0	False	False	False	False	False	False
main	7276	PE	10575356	8593910.0	839873.0	462508.0		679065	6.42	10575356.0	2136221912.0	PAIRED	Illumina HiSeq 2000	17187820	17128962	58858	0.342	OK	OK	8564481.0	8564481.0	yes	1591777169.0	13.3	92.4	93.5	17128962.0	8593910.0	8593910.0	8564481.0	8564481.0	100.0	81.26355273524598	100.0	99.6575598301588	100.0	False	False	False	False	False	False
main	7282	PE	19656157	11796130.0	774831.0	3363542.0		3721654	18.93	19656157.0	3970543714.0	PAIRED	Illumina HiSeq 2000	23592260	23527990	64270	0.272	OK	OK	11763995.0	11763995.0	yes	2078896481.0	17.37	87.2	89.5	23527990.0	11796130.0	11796130.0	11763995.0	11763995.0	100.0	60.01239204591214	100.0	99.72758014704823	100.0	False	False	False	False	False	False
main	7287	PE	55026774	51964673.0	818064.0	1384653.0		859384	1.56	55026774.0	11115408348.0	PAIRED	Illumina HiSeq 2000	103929346	100627820	3301526	3.177	OK	OK	50313910.0	50313910.0	yes	9728839522.0	81.28	96.9	96.5	100627820.0	51964673.0	51964673.0	50313910.0	50313910.0	100.0	94.43525255541965	100.0	96.82329762760173	100.0	False	False	False	False	False	False
main	7296	PE	11574678	10932076.0	197556.0	281290.0		163756	1.41	11574678.0	2314935600.0	PAIRED	Illumina HiSeq 2000	21864152	20708546	1155606	5.285	OK	OK	10354273.0	10354273.0	yes	2032617004.0	16.98	98.0	98.3	20708546.0	10932076.0	10932076.0	10354273.0	10354273.0	100.0	94.44820840804383	100.0	94.71460864340862	100.0	False	False	False	False	False	False
main	7333	PE	7901810	6486437.0	603552.0	323510.0		488311	6.18	7901810.0	1596165620.0	PAIRED	Illumina HiSeq 2000	12972874	12828466	144408	1.113	OK	OK	6414233.0	6414233.0	yes	1195596354.0	9.99	92.4	94.0	12828466.0	6486437.0	6486437.0	6414233.0	6414233.0	100.0	82.08798996685569	100.0	98.88684650756649	100.0	False	False	False	False	False	False
main	7353	PE	9436598	8559300.0	337879.0	359319.0		180100	1.91	9436598.0	1906192796.0	PAIRED	Illumina HiSeq 2000	17118600	17075386	43214	0.252	OK	OK	8537693.0	8537693.0	yes	1619911108.0	13.53	93.7	96.0	17075386.0	8559300.0	8559300.0	8537693.0	8537693.0	100.0	90.70323860357303	100.0	99.74756113233559	100.0	False	False	False	False	False	False
main	7384	PE	10307593	9367715.0	367273.0	377794.0		194811	1.89	10307593.0	2082133786.0	PAIRED	Illumina HiSeq 2000	18735430	18684344	51086	0.273	OK	OK	9342172.0	9342172.0	yes	1775929294.0	14.84	94.0	96.1	18684344.0	9367715.0	9367715.0	9342172.0	9342172.0	100.0	90.88169274824878	100.0	99.72732945013806	100.0	False	False	False	False	False	False
main	7394	PE	11537790	9744149.0	1032199.0	288397.0		473045	4.1	11537790.0	2330633580.0	PAIRED	Illumina HiSeq 2000	19488298	19463382	24916	0.128	OK	OK	9731691.0	9731691.0	yes	1787977161.0	14.94	94.2	89.5	19463382.0	9744149.0	9744149.0	9731691.0	9731691.0	100.0	84.4542065681556	100.0	99.87214891726308	100.0	False	False	False	False	False	False
main	7404	PE	9346984	7942984.0	854823.0	209476.0		339701	3.63	9346984.0	1888090768.0	PAIRED	Illumina HiSeq 2000	15885968	15867924	18044	0.114	OK	OK	7933962.0	7933962.0	yes	1452946910.0	12.14	94.0	89.1	15867924.0	7942984.0	7942984.0	7933962.0	7933962.0	100.0	84.97911197879444	100.0	99.8864154831484	100.0	False	False	False	False	False	False
main	7521	PE	43991664	19280712.0	13515765.0	1204878.0		9990309	22.71	43991664.0	8886316128.0	PAIRED	Illumina HiSeq 2000	38561424	37714940	846484	2.195	OK	OK	18857470.0	18857470.0	yes	3425208360.0	28.61	93.8	87.9	37714940.0	19280712.0	19280712.0	18857470.0	18857470.0	100.0	43.828103433414114	100.0	97.8048424767716	100.0	False	True	False	False	False	False
main	8240	PE	25446859	20928677.0	2282745.0	1100646.0		1134791	4.46	25446859.0	3867922568.0	PAIRED	Illumina Genome Analyzer IIx	41857354	38257662	3599692	8.6	OK	OK	19128831.0	19128831.0	yes	2792122441.0	23.33	72.5	73.5	38257662.0	20928677.0	20928677.0	19128831.0	19128831.0	100.0	82.24463773701893	100.0	91.40009662340339	100.0	False	False	False	False	False	False
main	8311	PE	8666683	7720823.0	476273.0	253668.0		215919	2.49	8666683.0	1750669966.0	PAIRED	Illumina HiSeq 2000	15441646	15410454	31192	0.202	OK	OK	7705227.0	7705227.0	yes	1433329010.0	11.97	93.4	92.7	15410454.0	7720823.0	7720823.0	7705227.0	7705227.0	100.0	89.08625133744941	100.0	99.79800080898112	100.0	False	False	False	False	False	False
main	8312	PE	10595421	9348488.0	638843.0	320899.0		287191	2.71	10595421.0	2140275042.0	PAIRED	Illumina HiSeq 2000	18696976	18651066	45910	0.246	OK	OK	9325533.0	9325533.0	yes	1722283473.0	14.39	92.8	91.9	18651066.0	9348488.0	9348488.0	9325533.0	9325533.0	100.0	88.23139731776585	100.0	99.75445227078433	100.0	False	False	False	False	False	False
main	8357	PE	70846707	66447085.0	1932473.0	1116230.0		1350919	1.91	70846707.0	14311034814.0	PAIRED	Illumina HiSeq 2000	132894170	128954828	3939342	2.964	OK	OK	64477414.0	64477414.0	yes	12433778457.0	103.87	96.2	96.6	128954828.0	66447085.0	66447085.0	64477414.0	64477414.0	100.0	93.7899414294584	100.0	97.03573000982661	100.0	False	False	False	False	False	False
main	8376	PE	21955611	15582989.0	1941180.0	2721803.0		1709639	7.79	21955611.0	4830234420.0	PAIRED	Illumina Genome Analyzer IIx	31165978	30329214	836764	2.685	OK	OK	15164607.0	15164607.0	yes	2882013029.0	24.08	93.4	96.6	30329214.0	15582989.0	15582989.0	15164607.0	15164607.0	100.0	70.97497309457705	100.0	97.31513639648979	100.0	False	False	False	False	False	False
main	9057	PE	36559654	28978971.0	2803525.0	2764030.0		2013128	5.51	36559654.0	5557067408.0	PAIRED	Illumina Genome Analyzer IIx	57957942	53599636	4358306	7.52	OK	OK	26799818.0	26799818.0	yes	3844029382.0	32.11	71.1	72.3	53599636.0	28978971.0	28978971.0	26799818.0	26799818.0	100.0	79.264894027717	100.0	92.48022643730172	100.0	False	False	False	False	False	False
main	9058	PE	43210615	31920485.0	4266206.0	4057787.0		2966137	6.86	43210615.0	9506335300.0	PAIRED	Illumina Genome Analyzer IIx	63840970	61897970	1943000	3.044	OK	OK	30948985.0	30948985.0	yes	5954496868.0	49.75	95.1	97.3	61897970.0	31920485.0	31920485.0	30948985.0	30948985.0	100.0	73.87185995848475	100.0	96.95649987774308	100.0	False	False	False	False	False	False
main	9323	PE	37047963	34436314.0	1200412.0	1029559.0		381678	1.03	37047963.0	5631290376.0	PAIRED	Illumina Genome Analyzer IIx	68872628	60116006	8756622	12.714	OK	OK	30058003.0	30058003.0	yes	4381701391.0	36.61	74.5	71.3	60116006.0	34436314.0	34436314.0	30058003.0	30058003.0	100.0	92.95062727200413	100.0	87.28577338445689	100.0	False	False	False	False	False	False
main	9371	PE	42875268	38174465.0	2716525.0	1255667.0		728611	1.7	42875268.0	6517040736.0	PAIRED	Illumina Genome Analyzer IIx	76348930	71768744	4580186	5.999	OK	OK	35884372.0	35884372.0	yes	5269020247.0	44.02	73.3	73.5	71768744.0	38174465.0	38174465.0	35884372.0	35884372.0	100.0	89.03609652072612	100.0	94.0009820700827	100.0	False	False	False	False	False	False
main	9394	PE	37608609	34822932.0	1555235.0	844020.0		386422	1.03	37608609.0	5716508568.0	PAIRED	Illumina Genome Analyzer IIx	69645864	66077544	3568320	5.124	OK	OK	33038772.0	33038772.0	yes	4908345133.0	41.01	74.3	74.2	66077544.0	34822932.0	34822932.0	33038772.0	33038772.0	100.0	92.5929805061389	100.0	94.87647967149923	100.0	False	False	False	False	False	False
main	9427	PE	41165565	36218027.0	2458815.0	1558973.0		929750	2.26	41165565.0	6257165880.0	PAIRED	Illumina Genome Analyzer IIx	72436054	66665476	5770578	7.966	OK	OK	33332738.0	33332738.0	yes	4882641858.0	40.79	73.3	73.2	66665476.0	36218027.0	36218027.0	33332738.0	33332738.0	100.0	87.98136743659416	100.0	92.03355555508311	100.0	False	False	False	False	False	False
main	9481	PE	26845755	24997258.0	1125796.0	479114.0		243587	0.91	26845755.0	4080554760.0	PAIRED	Illumina Genome Analyzer IIx	49994516	46619426	3375090	6.751	OK	OK	23309713.0	23309713.0	yes	3441447861.0	28.75	74.0	73.7	46619426.0	24997258.0	24997258.0	23309713.0	23309713.0	100.0	93.11437879098577	100.0	93.24907955904604	100.0	False	False	False	False	False	False
main	9507	PE	15883095	13527829.0	353838.0	908114.0		1093314	6.88	15883095.0	3176619000.0	PAIRED	Illumina HiSeq 2000	27055658	26102830	952828	3.522	OK	OK	13051415.0	13051415.0	yes	2502892974.0	20.91	95.3	96.5	26102830.0	13527829.0	13527829.0	13051415.0	13051415.0	100.0	85.17124024001619	100.0	96.47826713362507	100.0	False	False	False	False	False	False
main	9510	PE	17856314	15059332.0	429911.0	1138534.0		1228537	6.88	17856314.0	3571262800.0	PAIRED	Illumina HiSeq 2000	30118664	29453126	665538	2.21	OK	OK	14726563.0	14726563.0	yes	2771097005.0	23.15	94.3	93.9	29453126.0	15059332.0	15059332.0	14726563.0	14726563.0	100.0	84.33617374784068	100.0	97.79028047193594	100.0	False	False	False	False	False	False
main	9512	PE	21813001	17037456.0	1877882.0	707207.0		2190456	10.04	21813001.0	4362600200.0	PAIRED	Illumina HiSeq 2000	34074912	33346640	728272	2.137	OK	OK	16673320.0	16673320.0	yes	3024639843.0	25.27	88.8	92.6	33346640.0	17037456.0	17037456.0	16673320.0	16673320.0	100.0	78.10688680571738	100.0	97.86273255819412	100.0	False	False	False	False	False	False
main	9517	PE	12546617	10248095.0	362283.0	847583.0		1088656	8.68	12546617.0	2509323400.0	PAIRED	Illumina HiSeq 2000	20496190	19191916	1304274	6.363	OK	OK	9595958.0	9595958.0	yes	1827039507.0	15.26	94.5	95.9	19191916.0	10248095.0	10248095.0	9595958.0	9595958.0	100.0	81.68014533320017	100.0	93.63650512607465	100.0	False	False	False	False	False	False
main	9521	PE	17862824	14664939.0	519971.0	1151053.0		1526861	8.55	17862824.0	3572564800.0	PAIRED	Illumina HiSeq 2000	29329878	27931034	1398844	4.769	OK	OK	13965517.0	13965517.0	yes	2663381096.0	22.25	94.7	96.0	27931034.0	14664939.0	14664939.0	13965517.0	13965517.0	100.0	82.0975395603741	100.0	95.23065182882793	100.0	False	False	False	False	False	False
main	9522	PE	16783132	13838556.0	447223.0	1150670.0		1346683	8.02	16783132.0	3356626400.0	PAIRED	Illumina HiSeq 2000	27677112	26000202	1676910	6.059	OK	OK	13000101.0	13000101.0	yes	2476166549.0	20.69	94.5	95.9	26000202.0	13838556.0	13838556.0	13000101.0	13000101.0	100.0	82.45514603591273	100.0	93.94116698302916	100.0	False	False	False	False	False	False
main	9523	PE	19413853	15733182.0	516727.0	1404152.0		1759792	9.06	19413853.0	3882770600.0	PAIRED	Illumina HiSeq 2000	31466364	30235834	1230530	3.911	OK	OK	15117917.0	15117917.0	yes	2880701619.0	24.07	94.5	96.1	30235834.0	15733182.0	15733182.0	15117917.0	15117917.0	100.0	81.04100716122657	100.0	96.08937975801717	100.0	False	False	False	False	False	False
main	9524	PE	17580858	15049821.0	915606.0	406756.0		1208675	6.87	17580858.0	3516171600.0	PAIRED	Illumina HiSeq 2000	30099642	27719486	2380156	7.908	OK	OK	13859743.0	13859743.0	yes	2656976291.0	22.2	96.4	95.3	27719486.0	15049821.0	15049821.0	13859743.0	13859743.0	100.0	85.60345007052557	100.0	92.09241093299381	100.0	False	False	False	False	False	False
main	9526	PE	19159372	16376624.0	481066.0	1007186.0		1294496	6.76	19159372.0	3831874400.0	PAIRED	Illumina HiSeq 2000	32753248	30523278	2229970	6.808	OK	OK	15261639.0	15261639.0	yes	2921946677.0	24.41	95.3	96.1	30523278.0	16376624.0	16376624.0	15261639.0	15261639.0	100.0	85.4757869934359	100.0	93.19160652403083	100.0	False	False	False	False	False	False
main	9527	PE	19961004	16877990.0	442042.0	1161929.0		1479043	7.41	19961004.0	3992200800.0	PAIRED	Illumina HiSeq 2000	33755980	31840460	1915520	5.675	OK	OK	15920230.0	15920230.0	yes	3045258061.0	25.44	94.9	96.3	31840460.0	16877990.0	16877990.0	15920230.0	15920230.0	100.0	84.55481497824458	100.0	94.32539064189515	100.0	False	False	False	False	False	False
main	9528	PE	11841867	10100651.0	275444.0	640416.0		825356	6.97	11841867.0	2368373400.0	PAIRED	Illumina HiSeq 2000	20201302	18966492	1234810	6.113	OK	OK	9483246.0	9483246.0	yes	1817951451.0	15.19	95.3	96.4	18966492.0	10100651.0	10100651.0	9483246.0	9483246.0	100.0	85.29610237980211	100.0	93.8874731935595	100.0	False	False	False	False	False	False
main	9529	PE	18832457	16170724.0	898519.0	498563.0		1264651	6.72	18832457.0	3766491400.0	PAIRED	Illumina HiSeq 2000	32341448	30434828	1906620	5.895	OK	OK	15217414.0	15217414.0	yes	2917919092.0	24.38	96.2	95.5	30434828.0	16170724.0	16170724.0	15217414.0	15217414.0	100.0	85.86624676748234	100.0	94.10471664719526	100.0	False	False	False	False	False	False
main	9534	PE	23001052	19648034.0	1157424.0	576120.0		1619474	7.04	23001052.0	4600210400.0	PAIRED	Illumina HiSeq 2000	39296068	35098752	4197316	10.681	OK	OK	17549376.0	17549376.0	yes	3354795828.0	28.03	96.1	95.1	35098752.0	19648034.0	19648034.0	17549376.0	17549376.0	100.0	85.42232763962274	100.0	89.31873794599501	100.0	False	False	False	False	False	False
main	9535	PE	18532262	15387222.0	1203125.0	411299.0		1530616	8.26	18532262.0	3706452400.0	PAIRED	Illumina HiSeq 2000	30774444	28937214	1837230	5.97	OK	OK	14468607.0	14468607.0	yes	2763332800.0	23.09	96.3	94.7	28937214.0	15387222.0	15387222.0	14468607.0	14468607.0	100.0	83.02937871264716	100.0	94.03001399472888	100.0	False	False	False	False	False	False
main	9539	PE	14746228	12285725.0	348612.0	906300.0		1205591	8.18	14746228.0	2949245600.0	PAIRED	Illumina HiSeq 2000	24571450	22706536	1864914	7.59	OK	OK	11353268.0	11353268.0	yes	2167074987.0	18.1	94.7	96.2	22706536.0	12285725.0	12285725.0	11353268.0	11353268.0	100.0	83.3143567290564	100.0	92.41024033990668	100.0	False	False	False	False	False	False
main	9544	PE	18707314	15659842.0	1117668.0	443261.0		1486543	7.95	18707314.0	3741462800.0	PAIRED	Illumina HiSeq 2000	31319684	29302846	2016838	6.44	OK	OK	14651423.0	14651423.0	yes	2800234657.0	23.39	96.3	94.8	29302846.0	15659842.0	15659842.0	14651423.0	14651423.0	100.0	83.70972978803906	100.0	93.56047781324996	100.0	False	False	False	False	False	False
main	9547	PE	16326786	14977548.0	368017.0	510471.0		470750	2.88	16326786.0	3265357200.0	PAIRED	Illumina HiSeq 2000	29955096	28356576	1598520	5.336	OK	OK	14178288.0	14178288.0	yes	2713372825.0	22.67	96.1	95.3	28356576.0	14977548.0	14977548.0	14178288.0	14178288.0	100.0	91.73604651889234	100.0	94.66361249518279	100.0	False	False	False	False	False	False
main	9548	PE	25214662	19283155.0	2075485.0	872218.0		2983804	11.83	25214662.0	4957770152.0	PAIRED	Illumina HiSeq 2000	38566310	36600988	1965322	5.096	OK	OK	18300494.0	18300494.0	yes	3396999397.0	28.38	93.8	91.8	36600988.0	19283155.0	19283155.0	18300494.0	18300494.0	100.0	76.47596069302853	100.0	94.90404448857046	100.0	False	False	False	False	False	False
main	9560	PE	16425740	14231976.0	979342.0	331837.0		882585	5.37	16425740.0	3285148000.0	PAIRED	Illumina HiSeq 2000	28463952	27818434	645518	2.268	OK	OK	13909217.0	13909217.0	yes	2558816936.0	21.38	90.6	93.4	27818434.0	14231976.0	14231976.0	13909217.0	13909217.0	100.0	86.64435209616127	100.0	97.73215609694677	100.0	False	False	False	False	False	False
main	9562	PE	14078140	12121456.0	290605.0	871493.0		794586	5.64	14078140.0	2815628000.0	PAIRED	Illumina HiSeq 2000	24242912	23891762	351150	1.448	OK	OK	11945881.0	11945881.0	yes	2182700942.0	18.23	93.1	89.6	23891762.0	12121456.0	12121456.0	11945881.0	11945881.0	100.0	86.10126053583784	100.0	98.5515353931079	100.0	False	False	False	False	False	False
main	9574	PE	17860624	15274396.0	1030234.0	478206.0		1077788	6.03	17860624.0	3572124800.0	PAIRED	Illumina HiSeq 2000	30548792	29464408	1084384	3.55	OK	OK	14732204.0	14732204.0	yes	2762815166.0	23.08	93.1	94.4	29464408.0	15274396.0	15274396.0	14732204.0	14732204.0	100.0	85.51994599964704	100.0	96.45032117800272	100.0	False	False	False	False	False	False
main	9577	PE	19010764	16146226.0	1157879.0	469653.0		1237006	6.51	19010764.0	3802152800.0	PAIRED	Illumina HiSeq 2000	32292452	31426000	866452	2.683	OK	OK	15713000.0	15713000.0	yes	2953543566.0	24.67	93.6	94.3	31426000.0	16146226.0	16146226.0	15713000.0	15713000.0	100.0	84.93202061737234	100.0	97.31685906043927	100.0	False	False	False	False	False	False
main	9579	PE	16192865	13595468.0	403813.0	1081810.0		1111774	6.87	16192865.0	3238573000.0	PAIRED	Illumina HiSeq 2000	27190936	26752248	438688	1.613	OK	OK	13376124.0	13376124.0	yes	2500859750.0	20.89	94.0	93.0	26752248.0	13595468.0	13595468.0	13376124.0	13376124.0	100.0	83.95962048717136	100.0	98.38663884170813	100.0	False	False	False	False	False	False
main	9584	PE	17061466	14108358.0	1232734.0	410631.0		1309743	7.68	17061466.0	3412293200.0	PAIRED	Illumina HiSeq 2000	28216716	27140194	1076522	3.815	OK	OK	13570097.0	13570097.0	yes	2516707277.0	21.03	91.8	93.7	27140194.0	14108358.0	14108358.0	13570097.0	13570097.0	100.0	82.69135840964663	100.0	96.18480761545744	100.0	False	False	False	False	False	False
main	9586	PE	17359430	14946569.0	571894.0	791022.0		1049945	6.05	17359430.0	3471886000.0	PAIRED	Illumina HiSeq 2000	29893138	28363086	1530052	5.118	OK	OK	14181543.0	14181543.0	yes	2662490464.0	22.24	95.2	92.6	28363086.0	14946569.0	14946569.0	14181543.0	14181543.0	100.0	86.10057473085234	100.0	94.88159456528116	100.0	False	False	False	False	False	False
main	9587	PE	17201892	14453597.0	507824.0	1029760.0		1210711	7.04	17201892.0	3440378400.0	PAIRED	Illumina HiSeq 2000	28907194	28318026	589168	2.038	OK	OK	14159013.0	14159013.0	yes	2636162355.0	22.02	94.5	91.7	28318026.0	14453597.0	14453597.0	14159013.0	14159013.0	100.0	84.02329813487958	100.0	97.96186374921066	100.0	False	False	False	False	False	False
main	9591	PE	18317929	15484781.0	1012485.0	565387.0		1255276	6.85	18317929.0	3663585800.0	PAIRED	Illumina HiSeq 2000	30969562	30096658	872904	2.819	OK	OK	15048329.0	15048329.0	yes	2814789061.0	23.52	92.3	94.7	30096658.0	15484781.0	15484781.0	15048329.0	15048329.0	100.0	84.53346991354755	100.0	97.18141315656966	100.0	False	False	False	False	False	False
main	9595	PE	16641229	12969362.0	1527731.0	497510.0		1646626	9.89	16641229.0	3328245800.0	PAIRED	Illumina HiSeq 2000	25938724	25495978	442746	1.707	OK	OK	12747989.0	12747989.0	yes	2311365385.0	19.31	89.0	92.3	25495978.0	12969362.0	12969362.0	12747989.0	12747989.0	100.0	77.93512125817149	100.0	98.29310801872906	100.0	False	False	False	False	False	False
main	9596	PE	13564798	10974778.0	498681.0	994272.0		1097067	8.09	13564798.0	2712959600.0	PAIRED	Illumina HiSeq 2000	21949556	21744666	204890	0.933	OK	OK	10872333.0	10872333.0	yes	1976345964.0	16.51	93.2	88.6	21744666.0	10974778.0	10974778.0	10872333.0	10872333.0	100.0	80.9063135330139	100.0	99.06654148266144	100.0	False	False	False	False	False	False
main	9597	PE	19448504	15606971.0	1528243.0	654218.0		1659072	8.53	19448504.0	3889700800.0	PAIRED	Illumina HiSeq 2000	31213942	30698048	515894	1.653	OK	OK	15349024.0	15349024.0	yes	2805476520.0	23.44	89.7	93.1	30698048.0	15606971.0	15606971.0	15349024.0	15349024.0	100.0	80.24766840678336	100.0	98.34723214389263	100.0	False	False	False	False	False	False
main	9598	PE	15507881	12097015.0	410513.0	1532801.0		1467552	9.46	15507881.0	3101576200.0	PAIRED	Illumina HiSeq 2000	24194030	23715372	478658	1.978	OK	OK	11857686.0	11857686.0	yes	2146464719.0	17.93	91.8	89.2	23715372.0	12097015.0	12097015.0	11857686.0	11857686.0	100.0	78.0055959934178	100.0	98.02158631695505	100.0	False	False	False	False	False	False
main	9602	PE	24695605	21057803.0	1160431.0	718687.0		1758684	7.12	24695605.0	4939121000.0	PAIRED	Illumina HiSeq 2000	42115606	39763520	2352086	5.585	OK	OK	19881760.0	19881760.0	yes	3820324008.0	31.92	96.5	95.7	39763520.0	21057803.0	21057803.0	19881760.0	19881760.0	100.0	85.26943559390426	100.0	94.41516762218737	100.0	False	False	False	False	False	False
main	9612	PE	12137934	11336375.0	220137.0	316169.0		265253	2.19	12137934.0	2427586800.0	PAIRED	Illumina HiSeq 2000	22672750	21083048	1589702	7.012	OK	OK	10541524.0	10541524.0	yes	2063421979.0	17.24	97.7	98.0	21083048.0	11336375.0	11336375.0	10541524.0	10541524.0	100.0	93.39624848841656	100.0	92.98849058892283	100.0	False	False	False	False	False	False
main	9619	PE	11421165	10759667.0	193069.0	308204.0		160225	1.4	11421165.0	2284233000.0	PAIRED	Illumina HiSeq 2000	21519334	21011640	507694	2.359	OK	OK	10505820.0	10505820.0	yes	1998731354.0	16.7	93.4	96.8	21011640.0	10759667.0	10759667.0	10505820.0	10505820.0	100.0	94.20813901208852	100.0	97.64075412371034	100.0	False	False	False	False	False	False
main	9625	PE	13765135	12788117.0	251374.0	411471.0		314173	2.28	13765135.0	2753027000.0	PAIRED	Illumina HiSeq 2000	25576234	24292934	1283300	5.018	OK	OK	12146467.0	12146467.0	yes	2379470934.0	19.88	97.7	98.2	24292934.0	12788117.0	12788117.0	12146467.0	12146467.0	100.0	92.90222725748785	100.0	94.98245128661242	100.0	False	False	False	False	False	False
main	9629	PE	12233761	11413685.0	367074.0	227932.0		225070	1.84	12233761.0	2446752200.0	PAIRED	Illumina HiSeq 2000	22827370	22390046	437324	1.916	OK	OK	11195023.0	11195023.0	yes	2114264020.0	17.66	96.1	92.8	22390046.0	11413685.0	11413685.0	11195023.0	11195023.0	100.0	93.29661581585582	100.0	98.08421206647985	100.0	False	False	False	False	False	False
main	9632	PE	9797583	9212433.0	163410.0	275330.0		146410	1.49	9797583.0	1959516600.0	PAIRED	Illumina HiSeq 2000	18424866	17513634	911232	4.946	OK	OK	8756817.0	8756817.0	yes	1719615827.0	14.37	97.9	98.4	17513634.0	9212433.0	9212433.0	8756817.0	8756817.0	100.0	94.02760864592828	100.0	95.05433580900942	100.0	False	False	False	False	False	False
main	9634	PE	12469416	11653317.0	329134.0	233362.0		253603	2.03	12469416.0	2493883200.0	PAIRED	Illumina HiSeq 2000	23306634	21764684	1541950	6.616	OK	OK	10882342.0	10882342.0	yes	2132841409.0	17.82	98.2	97.8	21764684.0	11653317.0	11653317.0	10882342.0	10882342.0	100.0	93.4551946939616	100.0	93.38407253488428	100.0	False	False	False	False	False	False
main	9640	PE	12490673	11788756.0	294848.0	237872.0		169197	1.35	12490673.0	2498134600.0	PAIRED	Illumina HiSeq 2000	23577512	22651522	925990	3.927	OK	OK	11325761.0	11325761.0	yes	2198417490.0	18.37	97.6	96.5	22651522.0	11788756.0	11788756.0	11325761.0	11325761.0	100.0	94.38047093219076	100.0	96.07257118562806	100.0	False	False	False	False	False	False
main	9643	PE	11965001	11212589.0	316255.0	236903.0		199254	1.67	11965001.0	2393000200.0	PAIRED	Illumina HiSeq 2000	22425178	21068738	1356440	6.049	OK	OK	10534369.0	10534369.0	yes	2063158041.0	17.24	98.0	97.8	21068738.0	11212589.0	11212589.0	10534369.0	10534369.0	100.0	93.7115592384823	100.0	93.95126317391995	100.0	False	False	False	False	False	False
main	9649	PE	12901017	11978105.0	239874.0	380522.0		302516	2.34	12901017.0	2580203400.0	PAIRED	Illumina HiSeq 2000	23956210	22836988	1119222	4.672	OK	OK	11418494.0	11418494.0	yes	2235738707.0	18.68	97.7	98.1	22836988.0	11978105.0	11978105.0	11418494.0	11418494.0	100.0	92.84620739589755	100.0	95.32805063906186	100.0	False	False	False	False	False	False
main	9657	PE	10334084	9698121.0	284938.0	178628.0		172397	1.67	10334084.0	2066816800.0	PAIRED	Illumina HiSeq 2000	19396242	18487656	908586	4.684	OK	OK	9243828.0	9243828.0	yes	1815538576.0	15.17	98.4	98.0	18487656.0	9698121.0	9698121.0	9243828.0	9243828.0	100.0	93.84596641560104	100.0	95.31565960045249	100.0	False	False	False	False	False	False
main	9659	PE	13940449	13007075.0	341344.0	296516.0		295514	2.12	13940449.0	2788089800.0	PAIRED	Illumina HiSeq 2000	26014150	24571664	1442486	5.545	OK	OK	12285832.0	12285832.0	yes	2406597404.0	20.11	98.0	97.9	24571664.0	13007075.0	13007075.0	12285832.0	12285832.0	100.0	93.30456285877162	100.0	94.45499468558458	100.0	False	False	False	False	False	False
main	9697	PE	21745054	20115074.0	409609.0	683288.0		537083	2.47	21745054.0	4349010800.0	PAIRED	Illumina HiSeq 2000	40230148	36298008	3932140	9.774	OK	OK	18149004.0	18149004.0	yes	3546681472.0	29.63	97.4	98.0	36298008.0	20115074.0	20115074.0	18149004.0	18149004.0	100.0	92.50413450341397	100.0	90.22588731217196	100.0	False	False	False	False	False	False
main	9698	PE	14331777	13258035.0	259631.0	449011.0		365100	2.55	14331777.0	2866355400.0	PAIRED	Illumina HiSeq 2000	26516070	24968444	1547626	5.837	OK	OK	12484222.0	12484222.0	yes	2439215872.0	20.38	97.4	98.0	24968444.0	13258035.0	13258035.0	12484222.0	12484222.0	100.0	92.50796324838156	100.0	94.1634412641089	100.0	False	False	False	False	False	False
main	9699	PE	11314652	10623091.0	201828.0	316841.0		172892	1.53	11314652.0	2262930400.0	PAIRED	Illumina HiSeq 2000	21246182	20562828	683354	3.216	OK	OK	10281414.0	10281414.0	yes	1985363181.0	16.59	95.7	97.4	20562828.0	10623091.0	10623091.0	10281414.0	10281414.0	100.0	93.88791630533578	100.0	96.78363858504083	100.0	False	False	False	False	False	False
main	9713	PE	11974812	11260498.0	304449.0	247370.0		162495	1.36	11974812.0	2394962400.0	PAIRED	Illumina HiSeq 2000	22520996	21966448	554548	2.462	OK	OK	10983224.0	10983224.0	yes	2118591557.0	17.7	97.5	95.4	21966448.0	11260498.0	11260498.0	10983224.0	10983224.0	100.0	94.03486250974127	100.0	97.537639987148	100.0	False	False	False	False	False	False
main	9716	PE	11027863	10337874.0	287010.0	212113.0		190866	1.73	11027863.0	2205572600.0	PAIRED	Illumina HiSeq 2000	20675748	19856358	819390	3.963	OK	OK	9928179.0	9928179.0	yes	1921783840.0	16.06	97.4	96.2	19856358.0	10337874.0	10337874.0	9928179.0	9928179.0	100.0	93.74322114810458	100.0	96.03695111780236	100.0	False	False	False	False	False	False
main	9719	PE	9725605	9138914.0	277812.0	179975.0		128904	1.33	9725605.0	1945121000.0	PAIRED	Illumina HiSeq 2000	18277828	17196340	1081488	5.917	OK	OK	8598170.0	8598170.0	yes	1676326246.0	14.0	98.3	96.7	17196340.0	9138914.0	9138914.0	8598170.0	8598170.0	100.0	93.967562943385	100.0	94.08306063499448	100.0	False	False	False	False	False	False
main	9723	PE	8835556	8174415.0	316810.0	147667.0		196664	2.23	8835556.0	1767111200.0	PAIRED	Illumina HiSeq 2000	16348830	15647608	701222	4.289	OK	OK	7823804.0	7823804.0	yes	1531292116.0	12.79	98.2	97.5	15647608.0	8174415.0	8174415.0	7823804.0	7823804.0	100.0	92.51726773051973	100.0	95.7108734998162	100.0	False	False	False	False	False	False
main	9726	PE	11164743	10478983.0	202197.0	295688.0		187875	1.68	11164743.0	2232948600.0	PAIRED	Illumina HiSeq 2000	20957966	20122922	835044	3.984	OK	OK	10061461.0	10061461.0	yes	1975764427.0	16.51	98.1	98.3	20122922.0	10478983.0	10478983.0	10061461.0	10061461.0	100.0	93.85780756440163	100.0	96.01562479870422	100.0	False	False	False	False	False	False
main	9736	PE	10261930	9543045.0	191840.0	292497.0		234548	2.29	10261930.0	2052386000.0	PAIRED	Illumina HiSeq 2000	19086090	17943510	1142580	5.986	OK	OK	8971755.0	8971755.0	yes	1757518440.0	14.68	97.7	98.2	17943510.0	9543045.0	9543045.0	8971755.0	8971755.0	100.0	92.99464135888668	100.0	94.01354599082369	100.0	False	False	False	False	False	False
main	9737	PE	10003075	9421577.0	244467.0	184334.0		152697	1.53	10003075.0	2000615000.0	PAIRED	Illumina HiSeq 2000	18843154	18184892	658262	3.493	OK	OK	9092446.0	9092446.0	yes	1787859311.0	14.94	98.4	98.2	18184892.0	9421577.0	9421577.0	9092446.0	9092446.0	100.0	94.18680755667633	100.0	96.50662516476807	100.0	False	False	False	False	False	False
main	9739	PE	15234030	15223981.0	9720.0	329.0		0	0.0	15234030.0	3046806000.0	PAIRED	Illumina HiSeq 2000	30447962	27569998	2877964	9.452	OK	OK	13784999.0	13784999.0	yes	2756891427.0	23.03	100.0	100.0	27569998.0	15223981.0	15223981.0	13784999.0	13784999.0	100.0	99.9340358394988	100.0	90.5479256706902	100.0	False	False	False	False	False	False
main	9741	PE	12431135	11590757.0	260587.0	297491.0		282300	2.27	12431135.0	2486227000.0	PAIRED	Illumina HiSeq 2000	23181514	22114034	1067480	4.605	OK	OK	11057017.0	11057017.0	yes	2165099492.0	18.09	97.9	97.9	22114034.0	11590757.0	11590757.0	11057017.0	11057017.0	100.0	93.23973233337101	100.0	95.3951238905276	100.0	False	False	False	False	False	False
main	9743	PE	10729522	9983022.0	303066.0	199560.0		243874	2.27	10729522.0	2145904400.0	PAIRED	Illumina HiSeq 2000	19966044	19163316	802728	4.02	OK	OK	9581658.0	9581658.0	yes	1875215318.0	15.67	98.0	97.7	19163316.0	9983022.0	9983022.0	9581658.0	9581658.0	100.0	93.0425605166754	100.0	95.97953405291504	100.0	False	False	False	False	False	False
main	9748	PE	10484877	9766241.0	181932.0	332386.0		204318	1.95	10484877.0	2096975400.0	PAIRED	Illumina HiSeq 2000	19532482	19170540	361942	1.853	OK	OK	9585270.0	9585270.0	yes	1811546644.0	15.13	92.6	96.4	19170540.0	9766241.0	9766241.0	9585270.0	9585270.0	100.0	93.14597586600205	100.0	98.14697384592496	100.0	False	False	False	False	False	False
main	9749	PE	11104869	10445382.0	237525.0	279552.0		142410	1.28	11104869.0	2220973800.0	PAIRED	Illumina HiSeq 2000	20890764	20201160	689604	3.301	OK	OK	10100580.0	10100580.0	yes	1947541170.0	16.27	95.4	97.4	20201160.0	10445382.0	10445382.0	10100580.0	10100580.0	100.0	94.06128068687708	100.0	96.69900057269328	100.0	False	False	False	False	False	False
main	9761	PE	14726330	13018732.0	354670.0	593885.0		759043	5.15	14726330.0	2974718660.0	PAIRED	Illumina HiSeq 2000	26037464	25882112	155352	0.597	OK	OK	12941056.0	12941056.0	yes	2495874024.0	20.85	96.0	96.9	25882112.0	13018732.0	13018732.0	12941056.0	12941056.0	100.0	88.40445650749372	100.0	99.40335203151889	100.0	False	False	False	False	False	False
main	9766	PE	8840648	8023545.0	319850.0	329257.0		167996	1.9	8840648.0	1785810896.0	PAIRED	Illumina HiSeq 2000	16047090	15995950	51140	0.319	OK	OK	7997975.0	7997975.0	yes	1518674202.0	12.69	93.8	96.1	15995950.0	8023545.0	8023545.0	7997975.0	7997975.0	100.0	90.75743090325506	100.0	99.68131293586563	100.0	False	False	False	False	False	False
main	9769	PE	27839032	22565055.0	886760.0	1907962.0		2479255	8.91	27839032.0	5567806400.0	PAIRED	Illumina HiSeq 2000	45130110	42328654	2801456	6.208	OK	OK	21164327.0	21164327.0	yes	4028129842.0	33.65	94.4	95.9	42328654.0	22565055.0	22565055.0	21164327.0	21164327.0	100.0	81.05545839381196	100.0	93.79249020221755	100.0	False	False	False	False	False	False
main	9774	PE	24312469	19412556.0	1566759.0	904184.0		2428970	9.99	24312469.0	4862493800.0	PAIRED	Illumina HiSeq 2000	38825112	36561178	2263934	5.831	OK	OK	18280589.0	18280589.0	yes	3476905916.0	29.05	95.6	94.6	36561178.0	19412556.0	19412556.0	18280589.0	18280589.0	100.0	79.8460904978429	100.0	94.16889254562871	100.0	False	False	False	False	False	False
main	9775	PE	28393385	22416706.0	2015659.0	963549.0		2997471	10.56	28393385.0	5678677000.0	PAIRED	Illumina HiSeq 2000	44833412	42730088	2103324	4.691	OK	OK	21365044.0	21365044.0	yes	4056912692.0	33.89	95.7	94.2	42730088.0	22416706.0	22416706.0	21365044.0	21365044.0	100.0	78.95045271988528	100.0	95.30857923550408	100.0	False	False	False	False	False	False
main	9779	PE	20094605	18032322.0	433626.0	796129.0		832528	4.14	20094605.0	4018921000.0	PAIRED	Illumina HiSeq 2000	36064644	33832908	2231736	6.188	OK	OK	16916454.0	16916454.0	yes	3273147135.0	27.34	96.5	97.0	33832908.0	18032322.0	18032322.0	16916454.0	16916454.0	100.0	89.73713093638816	100.0	93.8118451966419	100.0	False	False	False	False	False	False
main	9781	PE	19372365	17215355.0	795820.0	444722.0		916468	4.73	19372365.0	3874473000.0	PAIRED	Illumina HiSeq 2000	34430710	32812474	1618236	4.7	OK	OK	16406237.0	16406237.0	yes	3175366609.0	26.53	97.1	96.5	32812474.0	17215355.0	17215355.0	16406237.0	16406237.0	100.0	88.86553087348912	100.0	95.3000214053094	100.0	False	False	False	False	False	False
main	9782	PE	22068541	19706918.0	523191.0	833272.0		1005160	4.55	22068541.0	4413708200.0	PAIRED	Illumina HiSeq 2000	39413836	36882664	2531172	6.422	OK	OK	18441332.0	18441332.0	yes	3570250129.0	29.83	96.6	97.0	36882664.0	19706918.0	19706918.0	18441332.0	18441332.0	100.0	89.29868993151835	100.0	93.57796079529027	100.0	False	False	False	False	False	False
main	9784	PE	22327294	19905448.0	537662.0	834968.0		1049216	4.7	22327294.0	4465458800.0	PAIRED	Illumina HiSeq 2000	39810896	37028170	2782726	6.99	OK	OK	18514085.0	18514085.0	yes	3583508027.0	29.94	96.6	97.0	37028170.0	19905448.0	19905448.0	18514085.0	18514085.0	100.0	89.15298020440812	100.0	93.01013973661884	100.0	False	False	False	False	False	False
main	9803	PE	18921250	17066111.0	379469.0	712800.0		762870	4.03	18921250.0	3784250000.0	PAIRED	Illumina HiSeq 2000	34132222	32413516	1718706	5.035	OK	OK	16206758.0	16206758.0	yes	3140881095.0	26.24	96.3	97.5	32413516.0	17066111.0	17066111.0	16206758.0	16206758.0	100.0	90.19547334346304	100.0	94.96456456892844	100.0	False	False	False	False	False	False
main	9804	PE	20166960	18055028.0	762798.0	463916.0		885218	4.39	20166960.0	4033392000.0	PAIRED	Illumina HiSeq 2000	36110056	33601572	2508484	6.947	OK	OK	16800786.0	16800786.0	yes	3251600285.0	27.16	97.3	96.3	33601572.0	18055028.0	18055028.0	16800786.0	16800786.0	100.0	89.52776224081369	100.0	93.0532259490265	100.0	False	False	False	False	False	False
main	9813	PE	10728251	10091456.0	319847.0	214303.0		102645	0.96	10728251.0	2145650200.0	PAIRED	Illumina HiSeq 2000	20182912	19290504	892408	4.422	OK	OK	9645252.0	9645252.0	yes	1877455064.0	15.68	97.6	97.0	19290504.0	10091456.0	10091456.0	9645252.0	9645252.0	100.0	94.0643167278618	100.0	95.57839820140919	100.0	False	False	False	False	False	False
main	9814	PE	10693723	10021509.0	309974.0	206355.0		155885	1.46	10693723.0	2138744600.0	PAIRED	Illumina HiSeq 2000	20043018	18807758	1235260	6.163	OK	OK	9403879.0	9403879.0	yes	1833437704.0	15.32	98.2	96.7	18807758.0	10021509.0	10021509.0	9403879.0	9403879.0	100.0	93.71393854132933	100.0	93.83695609114356	100.0	False	False	False	False	False	False
main	9820	PE	12147314	11200572.0	195880.0	382849.0		368013	3.03	12147314.0	2429462800.0	PAIRED	Illumina HiSeq 2000	22401144	21764246	636898	2.843	OK	OK	10882123.0	10882123.0	yes	2097358020.0	17.52	95.6	97.1	21764246.0	11200572.0	11200572.0	10882123.0	10882123.0	100.0	92.20616179017024	100.0	97.15685056084635	100.0	False	False	False	False	False	False
main	9857	PE	7608218	7288478.0	123982.0	127979.0		67779	0.89	7608218.0	1521643600.0	PAIRED	Illumina HiSeq 2000	14576956	13856352	720604	4.943	OK	OK	6928176.0	6928176.0	yes	1371160722.0	11.45	98.9	99.0	13856352.0	7288478.0	7288478.0	6928176.0	6928176.0	100.0	95.79743903237262	100.0	95.05655364535642	100.0	False	False	False	False	False	False
main	9920	PE	21325542	19547193.0	451382.0	658453.0		668514	3.13	21325542.0	4265108400.0	PAIRED	Illumina HiSeq 2000	39094386	35782450	3311936	8.472	OK	OK	17891225.0	17891225.0	yes	3501522726.0	29.25	97.6	98.1	35782450.0	19547193.0	19547193.0	17891225.0	17891225.0	100.0	91.66094348270258	100.0	91.52835908460105	100.0	False	False	False	False	False	False
main	9921	PE	13009259	11902668.0	462453.0	233266.0		410872	3.16	13009259.0	2601851800.0	PAIRED	Illumina HiSeq 2000	23805336	21713646	2091690	8.787	OK	OK	10856823.0	10856823.0	yes	2123201152.0	17.74	98.3	97.3	21713646.0	11902668.0	11902668.0	10856823.0	10856823.0	100.0	91.4938199016562	100.0	91.2133565348542	100.0	False	False	False	False	False	False
main	9925	PE	14029835	12951438.0	455179.0	221178.0		402040	2.87	14029835.0	2805967000.0	PAIRED	Illumina HiSeq 2000	25902876	24391722	1511154	5.834	OK	OK	12195861.0	12195861.0	yes	2391953955.0	19.98	98.5	97.7	24391722.0	12951438.0	12951438.0	12195861.0	12195861.0	100.0	92.3135446710528	100.0	94.16607638472269	100.0	False	False	False	False	False	False
main	9933	PE	18961214	17381925.0	668473.0	309366.0		601450	3.17	18961214.0	3792242800.0	PAIRED	Illumina HiSeq 2000	34763850	30427608	4336242	12.473	OK	OK	15213804.0	15213804.0	yes	2974731379.0	24.85	98.2	97.3	30427608.0	17381925.0	17381925.0	15213804.0	15213804.0	100.0	91.67094997187417	100.0	87.52657717715385	100.0	False	False	False	False	False	False
main	9941	SE	25955116				17737927.0	8217189	31.66	25955116.0	974909152.0	PAIRED	Illumina Genome Analyzer II	17737927	15990479	1747448	9.851	OK		15990479.0	0.0		639965210.0	5.35	40.0		15990479.0	17737927.0	17737927.0	15990479.0	15990479.0	100.0	68.34077335658989	100.0	90.14852186504095	100.0	False	False	False	False	False	False
main	9944	SE	50714056				33283540.0	17430516	34.37	50714056.0	3131603502.0	PAIRED	Illumina Genome Analyzer II	33283540	28649273	4634267	13.924	OK		28649273.0	0.0		1528618507.0	12.77	53.4		28649273.0	33283540.0	33283540.0	28649273.0	28649273.0	100.0	65.62981276827868	100.0	86.07639992620977	100.0	False	False	False	False	False	False
main	9965	SE	70806874				65399952.0	5406922	7.64	70806874.0	3442431171.0	PAIRED	Illumina Genome Analyzer II	65399952	57156905	8243047	12.604	OK		57156905.0	0.0		2852065374.0	23.83	49.9		57156905.0	65399952.0	65399952.0	57156905.0	57156905.0	100.0	92.36384591699388	100.0	87.39594334870459	100.0	False	False	False	False	False	False
main	9966	SE	26359926				24792319.0	1567607	5.95	26359926.0	1059840628.0	PAIRED	Illumina Genome Analyzer II	24792319	21357751	3434568	13.853	OK		21357751.0	0.0		862719710.0	7.21	40.4		21357751.0	24792319.0	24792319.0	21357751.0	21357751.0	100.0	94.05306752378591	100.0	86.14664485399692	100.0	False	False	False	False	False	False
main	9977	PE	10270404	1974979.0	5688139.0	435599.0		2171687	21.15	10270404.0	862713936.0	PAIRED	Illumina Genome Analyzer II	3949958	3949046	912	0.023	OK	OK	1974523.0	1974523.0	yes	149795482.0	1.25	39.0	36.8	3949046.0	1974979.0	1974979.0	1974523.0	1974523.0	100.0	19.229808291864664	100.0	99.97691114690333	100.0	False	True	False	False	False	True
main	9978	SE	31333908				31161020.0	172888	0.55	31333908.0	1546704330.0	PAIRED	Illumina Genome Analyzer II	31161020	27689351	3471669	11.141	OK		27689351.0	0.0		1380183753.0	11.53	49.8		27689351.0	31161020.0	31161020.0	27689351.0	27689351.0	100.0	99.44823990674895	100.0	88.85893658166518	100.0	False	False	False	False	False	False
main	9985	SE	25575300				17482653.0	8092647	31.64	25575300.0	956818965.0	PAIRED	Illumina Genome Analyzer II	17482653	15441738	2040915	11.674	OK		15441738.0	0.0		588528692.0	4.92	38.1		15441738.0	17482653.0	17482653.0	15441738.0	15441738.0	100.0	68.35756765316536	100.0	88.32605669173896	100.0	False	False	False	False	False	True
main	10011	SE	56978496				47955441.0	9023055	15.84	56978496.0	2614388910.0	PAIRED	Illumina Genome Analyzer II	47955441	42944220	5011221	10.45	OK		42944220.0	0.0		2077586536.0	17.36	48.4		42944220.0	47955441.0	47955441.0	42944220.0	42944220.0	100.0	84.16410464747965	100.0	89.5502556216718	100.0	False	False	False	False	False	False
main	10013	SE	23391786				17895079.0	5496707	23.5	23391786.0	884191359.0	PAIRED	Illumina Genome Analyzer II	17895079	15964730	1930349	10.787	OK		15964730.0	0.0		612531366.0	5.12	38.4		15964730.0	17895079.0	17895079.0	15964730.0	15964730.0	100.0	76.50155058703085	100.0	89.21296184275019	100.0	False	False	False	False	False	False
main	10014	SE	54599208				39836845.0	14762363	27.04	54599208.0	2111650157.0	PAIRED	Illumina Genome Analyzer II	39836845	36298792	3538053	8.881	OK		36298792.0	0.0		1436722910.0	12.0	39.6		36298792.0	39836845.0	39836845.0	36298792.0	36298792.0	100.0	72.96231293318394	100.0	91.11864154904838	100.0	False	False	False	False	False	False
main	100001	PE	7303944	6771685.0	275270.0	218628.0		38361	0.53			PAIRED	Illumina (xwu lab)	13543370	12526802	1016568	7.506	OK	OK	6263401.0	6263401.0	yes	1736023860.0	14.5	137.7	139.5	12526802.0	6771685.0	6771685.0	6263401.0	6263401.0		92.71271795074004	100.0	92.49398044947455	100.0	False	False	False	False	False	False
main	100002	PE	8159065	7429317.0	601498.0	71888.0		56362	0.69			PAIRED	Illumina (xwu lab)	14858634	13498374	1360260	9.155	OK	OK	6749187.0	6749187.0	yes	1896561397.0	15.84	145.1	135.9	13498374.0	7429317.0	7429317.0	6749187.0	6749187.0		91.05598496886593	100.0	90.84532265886622	100.0	False	False	False	False	False	False
loo	159	PE	20729133	19007381.0	517845.0	696299.0		507608	2.45	20729133.0	4145826600.0	PAIRED	Illumina HiSeq 2000	38014762	37137874	876888	2.307	OK	OK	18568937.0	18568937.0	yes	3379968124.0	28.24	95.5	86.5	37137874.0	19007381.0	19007381.0	18568937.0	18568937.0	100.0	91.69404721364855	100.0	97.69329609376484	100.0	False	False	False	False	False	False
loo	763	PE	18918780	18134934.0	345011.0	230099.0		208736	1.1	18918780.0	3821593560.0	PAIRED	Illumina HiSeq 2000	36269868	35832706	437162	1.205	OK	OK	17916353.0	17916353.0	yes	3499421057.0	29.23	97.4	97.9	35832706.0	18134934.0	18134934.0	17916353.0	17916353.0	100.0	95.8567835769537	100.0	98.79469646815367	100.0	False	False	False	False	False	False
loo	765	PE	8307820	7818774.0	275406.0	148343.0		65297	0.79	8307820.0	1678179640.0	PAIRED	Illumina HiSeq 2000	15637548	15494806	142742	0.913	OK	OK	7747403.0	7747403.0	yes	1487752743.0	12.43	95.5	96.5	15494806.0	7818774.0	7818774.0	7747403.0	7747403.0	100.0	94.11342566401294	100.0	99.08718425676454	100.0	False	False	False	False	False	False
loo	766	PE	10193882	9676079.0	377333.0	96881.0		43589	0.43	10193882.0	2059164164.0	PAIRED	Illumina HiSeq 2000	19352158	19327492	24666	0.127	OK	OK	9663746.0	9663746.0	yes	1807456345.0	15.1	96.0	91.1	19327492.0	9676079.0	9676079.0	9663746.0	9663746.0	100.0	94.92045326795032	100.0	99.87254134655163	100.0	False	False	False	False	False	False
loo	768	PE	9458074	9144829.0	124079.0	168444.0		20722	0.22	9458074.0	1910530948.0	PAIRED	Illumina HiSeq 2000	18289658	18210426	79232	0.433	OK	OK	9105213.0	9105213.0	yes	1767564285.0	14.77	96.4	97.7	18210426.0	9144829.0	9144829.0	9105213.0	9105213.0	100.0	96.68806778208756	100.0	99.56679343047311	100.0	False	False	False	False	False	False
loo	772	PE	13690770	12950390.0	514741.0	154729.0		70910	0.52	13690770.0	2765535540.0	PAIRED	Illumina HiSeq 2000	25900780	25851892	48888	0.189	OK	OK	12925946.0	12925946.0	yes	2421047496.0	20.23	95.6	91.7	25851892.0	12950390.0	12950390.0	12925946.0	12925946.0	100.0	94.59212301426435	100.0	99.81124892763847	100.0	False	False	False	False	False	False
loo	5772	PE	27488659	25377429.0	761871.0	718923.0		630436	2.29	27488659.0	5497731800.0	PAIRED	Illumina HiSeq 2000	50754858	48717330	2037528	4.014	OK	OK	24358665.0	24358665.0	yes	4446476800.0	37.15	96.4	86.1	48717330.0	25377429.0	25377429.0	24358665.0	24358665.0	100.0	92.31963261649105	100.0	95.98555078215371	100.0	False	False	False	False	False	False
loo	5784	PE	20002662	18417264.0	540963.0	563876.0		480559	2.4	20002662.0	4000532400.0	PAIRED	Illumina HiSeq 2000	36834528	35732350	1102178	2.992	OK	OK	17866175.0	17866175.0	yes	3263222191.0	27.26	96.4	86.3	35732350.0	18417264.0	18417264.0	17866175.0	17866175.0	100.0	92.07406494195622	100.0	97.00775858998382	100.0	False	False	False	False	False	False
loo	5811	PE	24032278	22352182.0	571833.0	625641.0		482622	2.01	24032278.0	4806455600.0	PAIRED	Illumina HiSeq 2000	44704364	42918690	1785674	3.994	OK	OK	21459345.0	21459345.0	yes	3928462755.0	32.82	96.5	86.6	42918690.0	22352182.0	22352182.0	21459345.0	21459345.0	100.0	93.00900230931084	100.0	96.00559354786928	100.0	False	False	False	False	False	False
loo	6150	PE	30819168	29223632.0	837427.0	579176.0		178933	0.58	30819168.0	4684513536.0	PAIRED	Illumina Genome Analyzer IIx	58447264	54633002	3814262	6.526	OK	OK	27316501.0	27316501.0	yes	3968214172.0	33.15	71.4	73.9	54633002.0	29223632.0	29223632.0	27316501.0	27316501.0	100.0	94.82291020964615	100.0	93.4740110332624	100.0	False	False	False	False	False	False
loo	6184	PE	39063843	37168994.0	1261430.0	494497.0		138922	0.36	39063843.0	5937704136.0	PAIRED	Illumina Genome Analyzer IIx	74337988	64486364	9851624	13.252	OK	OK	32243182.0	32243182.0	yes	4798922897.0	40.09	74.4	74.4	64486364.0	37168994.0	37168994.0	32243182.0	32243182.0	100.0	95.14935332911307	100.0	86.74752402499783	100.0	False	False	False	False	False	False
loo	6244	PE	18888876	18580758.0	196029.0	82991.0		29098	0.15	18888876.0	2871109152.0	PAIRED	Illumina Genome Analyzer IIx	37161516	34036496	3125020	8.409	OK	OK	17018248.0	17018248.0	yes	2539620189.0	21.22	75.4	73.8	34036496.0	18580758.0	18580758.0	17018248.0	17018248.0	100.0	98.36878594575981	100.0	91.59070905503425	100.0	False	False	False	False	False	False
loo	6898	PE	8738816	8381688.0	221340.0	103099.0		32689	0.37	8738816.0	1765240832.0	PAIRED	Illumina HiSeq 2000	16763376	16703196	60180	0.359	OK	OK	8351598.0	8351598.0	yes	1608778512.0	13.44	97.0	95.6	16703196.0	8381688.0	8381688.0	8351598.0	8351598.0	100.0	95.91331365713616	100.0	99.641003101046	100.0	False	False	False	False	False	False
loo	6911	PE	36851486	26455749.0	7044875.0	1401400.0		1949462	5.29	36851486.0	7444000172.0	PAIRED	Illumina HiSeq 2000	52911498	50898898	2012600	3.804	OK	OK	25449449.0	25449449.0	yes	4806970097.0	40.16	96.2	92.7	50898898.0	26455749.0	26455749.0	25449449.0	25449449.0	100.0	71.7901823551973	100.0	96.19628988769134	100.0	False	False	False	False	False	False
loo	6915	PE	11999881	11450347.0	240080.0	166598.0		142856	1.19	11999881.0	2423975962.0	PAIRED	Illumina HiSeq 2000	22900694	22723860	176834	0.772	OK	OK	11361930.0	11361930.0	yes	2204952198.0	18.42	97.1	97.0	22723860.0	11450347.0	11450347.0	11361930.0	11361930.0	100.0	95.42050458667049	100.0	99.2278225279985	100.0	False	False	False	False	False	False
loo	6929	PE	11713120	11089839.0	451054.0	116982.0		55245	0.47	11713120.0	2366050240.0	PAIRED	Illumina HiSeq 2000	22179678	22131932	47746	0.215	OK	OK	11065966.0	11065966.0	yes	2066032896.0	17.26	95.8	90.9	22131932.0	11089839.0	11089839.0	11065966.0	11065966.0	100.0	94.67877901020394	100.0	99.78473086940215	100.0	False	False	False	False	False	False
loo	6932	PE	26963925	26938984.0	23380.0	575.0		986	0.0	26963925.0	5392785000.0	PAIRED	Illumina HiSeq 2000	53877968	53593006	284962	0.529	OK	OK	26796503.0	26796503.0	yes	5357032160.0	44.75	100.0	99.9	53593006.0	26938984.0	26938984.0	26796503.0	26796503.0	100.0	99.90750233877301	100.0	99.47109735096171	100.0	False	False	False	False	False	False
loo	6938	PE	16166537	15412084.0	320475.0	219160.0		214818	1.33	16166537.0	3265640474.0	PAIRED	Illumina HiSeq 2000	30824168	30484222	339946	1.103	OK	OK	15242111.0	15242111.0	yes	2955462077.0	24.69	96.7	97.2	30484222.0	15412084.0	15412084.0	15242111.0	15242111.0	100.0	95.3332429820932	100.0	98.89714460419499	100.0	False	False	False	False	False	False
loo	6939	PE	20221681	20220664.0	30.0	231.0		756	0.0	20221681.0	10110840500.0	PAIRED	Illumina HiSeq 2500	40441328	40428718	12610	0.031	OK	OK	20214359.0	20214359.0	yes	10031607445.0	83.81	248.1	248.1	40428718.0	20220664.0	20220664.0	20214359.0	20214359.0	100.0	99.99497074451921	100.0	99.96881902592318	100.0	False	False	False	False	False	False
loo	6945	PE	20380029	19090986.0	562347.0	328170.0		398526	1.96	20380029.0	4116765858.0	PAIRED	Illumina HiSeq 2000	38181972	37656258	525714	1.377	OK	OK	18828129.0	18828129.0	yes	3629174736.0	30.32	96.3	96.5	37656258.0	19090986.0	19090986.0	18828129.0	18828129.0	100.0	93.67496974611763	100.0	98.62313554679679	100.0	False	False	False	False	False	False
loo	6958	PE	14342478	13804176.0	221252.0	185052.0		131998	0.92	14342478.0	2897180556.0	PAIRED	Illumina HiSeq 2000	27608352	27297574	310778	1.126	OK	OK	13648787.0	13648787.0	yes	2676126551.0	22.36	97.9	98.1	27297574.0	13804176.0	13804176.0	13648787.0	13648787.0	100.0	96.24679919327748	100.0	98.87433339012775	100.0	False	False	False	False	False	False
loo	6963	PE	8823041	8556463.0	109061.0	141499.0		16018	0.18	8823041.0	1782254282.0	PAIRED	Illumina HiSeq 2000	17112926	17053504	59422	0.347	OK	OK	8526752.0	8526752.0	yes	1660400190.0	13.87	96.8	97.9	17053504.0	8556463.0	8556463.0	8526752.0	8526752.0	100.0	96.97861542295905	100.0	99.65276540084378	100.0	False	False	False	False	False	False
loo	6979	PE	14332334	13801103.0	211626.0	189249.0		130356	0.91	14332334.0	2895131468.0	PAIRED	Illumina HiSeq 2000	27602206	27279560	322646	1.169	OK	OK	13639780.0	13639780.0	yes	2674326435.0	22.34	97.9	98.1	27279560.0	13801103.0	13801103.0	13639780.0	13639780.0	100.0	96.29347878719544	100.0	98.83108618202473	100.0	False	False	False	False	False	False
loo	7000	PE	9051264	8684106.0	112717.0	159411.0		95030	1.05	9051264.0	1828355328.0	PAIRED	Illumina HiSeq 2000	17368212	17219240	148972	0.858	OK	OK	8609620.0	8609620.0	yes	1684039407.0	14.07	98.1	97.5	17219240.0	8684106.0	8684106.0	8609620.0	8609620.0	100.0	95.94357208009842	100.0	99.14227210031751	100.0	False	False	False	False	False	False
loo	7002	PE	51451084	48448444.0	1287772.0	824180.0		890688	1.73	51451084.0	10393118968.0	PAIRED	Illumina HiSeq 2000	96896888	90457942	6438946	6.645	OK	OK	45228971.0	45228971.0	yes	8735784417.0	72.98	96.4	96.8	90457942.0	48448444.0	48448444.0	45228971.0	45228971.0	100.0	94.16408797140213	100.0	93.35484747456492	100.0	False	False	False	False	False	False
loo	7003	PE	10547692	10141544.0	258416.0	115180.0		32552	0.31	10547692.0	2130633784.0	PAIRED	Illumina HiSeq 2000	20283088	20224950	58138	0.287	OK	OK	10112475.0	10112475.0	yes	1935652854.0	16.17	96.6	94.8	20224950.0	10141544.0	10141544.0	10112475.0	10112475.0	100.0	96.14941353994789	100.0	99.71336711648641	100.0	False	False	False	False	False	False
loo	7025	PE	10355956	9933258.0	268680.0	118688.0		35330	0.34	10355956.0	2091903112.0	PAIRED	Illumina HiSeq 2000	19866516	19814438	52078	0.262	OK	OK	9907219.0	9907219.0	yes	1891615263.0	15.8	96.4	94.5	19814438.0	9933258.0	9933258.0	9907219.0	9907219.0	100.0	95.9183101975327	100.0	99.73786042806901	100.0	False	False	False	False	False	False
loo	7063	PE	30928622	27740045.0	1621440.0	1080284.0		486853	1.57	30928622.0	3154719444.0	PAIRED	Illumina Genome Analyzer II	55480090	52233896	3246194	5.851	OK	OK	26116948.0	26116948.0	yes	2647814256.0	22.12	50.6	50.7	52233896.0	27740045.0	27740045.0	26116948.0	26116948.0	100.0	89.69053002102713	100.0	94.1489027865672	100.0	False	False	False	False	False	False
loo	7092	PE	11279327	10705092.0	416983.0	109043.0		48209	0.43	11279327.0	2278424054.0	PAIRED	Illumina HiSeq 2000	21410184	21374606	35578	0.166	OK	OK	10687303.0	10687303.0	yes	2001500930.0	16.72	96.0	91.3	21374606.0	10705092.0	10705092.0	10687303.0	10687303.0	100.0	94.9089604370899	100.0	99.8338267433853	100.0	False	False	False	False	False	False
loo	7127	PE	10419012	10032214.0	157817.0	201406.0		27575	0.26	10419012.0	2104640424.0	PAIRED	Illumina HiSeq 2000	20064428	20010268	54160	0.27	OK	OK	10005134.0	10005134.0	yes	1932119791.0	16.14	96.1	97.0	20010268.0	10032214.0	10032214.0	10005134.0	10005134.0	100.0	96.2875750599001	100.0	99.73006955393893	100.0	False	False	False	False	False	False
loo	7143	PE	19376633	18201343.0	286283.0	525549.0		363458	1.88	19376633.0	3914079866.0	PAIRED	Illumina HiSeq 2000	36402686	36013330	389356	1.07	OK	OK	18006665.0	18006665.0	yes	3480729814.0	29.08	96.7	96.6	36013330.0	18201343.0	18201343.0	18006665.0	18006665.0	100.0	93.93449832073509	100.0	98.93041958497238	100.0	False	False	False	False	False	False
loo	7164	PE	9729722	9361220.0	237510.0	103899.0		27093	0.28	9729722.0	1965403844.0	PAIRED	Illumina HiSeq 2000	18722440	18665960	56480	0.302	OK	OK	9332980.0	9332980.0	yes	1783550582.0	14.9	96.4	94.7	18665960.0	9361220.0	9361220.0	9332980.0	9332980.0	100.0	96.21261532446663	100.0	99.69832991853626	100.0	False	False	False	False	False	False
loo	7186	PE	28850913	26847443.0	1244447.0	591355.0		167668	0.58	28850913.0	2942793126.0	PAIRED	Illumina Genome Analyzer II	53694886	52293636	1401250	2.61	OK	OK	26146818.0	26146818.0	yes	2650734005.0	22.14	50.7	50.7	52293636.0	26847443.0	26847443.0	26146818.0	26146818.0	100.0	93.05578301802788	100.0	97.39034737870568	100.0	False	False	False	False	False	False
loo	7217	PE	11396413	10803694.0	411092.0	126732.0		54895	0.48	11396413.0	2302075426.0	PAIRED	Illumina HiSeq 2000	21607388	21568114	39274	0.182	OK	OK	10784057.0	10784057.0	yes	2022435643.0	16.9	95.7	91.9	21568114.0	10803694.0	10803694.0	10784057.0	10784057.0	100.0	94.79907405953084	100.0	99.81823809522929	100.0	False	False	False	False	False	False
loo	7255	PE	9075607	8764332.0	203274.0	84997.0		23004	0.25	9075607.0	1833272614.0	PAIRED	Illumina HiSeq 2000	17528664	17430452	98212	0.56	OK	OK	8715226.0	8715226.0	yes	1680459648.0	14.04	97.2	95.6	17430452.0	8764332.0	8764332.0	8715226.0	8715226.0	100.0	96.57020186087829	100.0	99.43970630049158	100.0	False	False	False	False	False	False
loo	7288	PE	33370492	30952485.0	1141494.0	802647.0		473866	1.42	33370492.0	3403790184.0	PAIRED	Illumina Genome Analyzer II	61904970	58839872	3065098	4.951	OK	OK	29419936.0	29419936.0	yes	2986846525.0	24.95	50.8	50.8	58839872.0	30952485.0	30952485.0	29419936.0	29419936.0	100.0	92.75405648798944	100.0	95.04870449012414	100.0	False	False	False	False	False	False
loo	7298	PE	9522793	8907849.0	340650.0	183659.0		90635	0.95	9522793.0	1923604186.0	PAIRED	Illumina HiSeq 2000	17815698	17734118	81580	0.458	OK	OK	8867059.0	8867059.0	yes	1695221620.0	14.16	95.1	96.0	17734118.0	8907849.0	8907849.0	8867059.0	8867059.0	100.0	93.54239874793035	100.0	99.54208922939758	100.0	False	False	False	False	False	False
loo	7316	PE	9617138	9281695.0	136406.0	177364.0		21673	0.23	9617138.0	1942661876.0	PAIRED	Illumina HiSeq 2000	18563390	18519638	43752	0.236	OK	OK	9259819.0	9259819.0	yes	1790968853.0	14.96	96.3	97.2	18519638.0	9281695.0	9281695.0	9259819.0	9259819.0	100.0	96.51202883851724	100.0	99.76431029030796	100.0	False	False	False	False	False	False
loo	7323	PE	16257115	15304572.0	542824.0	279746.0		129973	0.8	16257115.0	3283937230.0	PAIRED	Illumina HiSeq 2000	30609144	30346606	262538	0.858	OK	OK	15173303.0	15173303.0	yes	2916721521.0	24.37	95.7	96.5	30346606.0	15304572.0	15304572.0	15173303.0	15173303.0	100.0	94.14076236773869	100.0	99.14228898397158	100.0	False	False	False	False	False	False
loo	7346	PE	12026415	11833012.0	72778.0	81837.0		38788	0.32	12026415.0	2405283000.0	PAIRED	Illumina HiSeq 2000	23666024	22341330	1324694	5.597	OK	OK	11170665.0	11170665.0	yes	2204717297.0	18.42	98.5	98.9	22341330.0	11833012.0	11833012.0	11170665.0	11170665.0	100.0	98.3918482773129	100.0	94.40254941007412	100.0	False	False	False	False	False	False
loo	7347	PE	13210554	12507726.0	488653.0	147406.0		66769	0.51	13210554.0	2668531908.0	PAIRED	Illumina HiSeq 2000	25015452	24963958	51494	0.206	OK	OK	12481979.0	12481979.0	yes	2340825067.0	19.56	95.7	91.8	24963958.0	12507726.0	12507726.0	12481979.0	12481979.0	100.0	94.67979919691483	100.0	99.79415123100715	100.0	False	False	False	False	False	False
loo	7372	PE	16870782	16178017.0	225565.0	289770.0		177430	1.05	16870782.0	3407897964.0	PAIRED	Illumina HiSeq 2000	32356034	32149672	206362	0.638	OK	OK	16074836.0	16074836.0	yes	3120371469.0	26.07	97.1	97.0	32149672.0	16178017.0	16178017.0	16074836.0	16074836.0	100.0	95.89369953331149	100.0	99.36221478812885	100.0	False	False	False	False	False	False
loo	7378	PE	8953442	8455094.0	298753.0	138260.0		61335	0.69	8953442.0	1808595284.0	PAIRED	Illumina HiSeq 2000	16910188	16691504	218684	1.293	OK	OK	8345752.0	8345752.0	yes	1605813638.0	13.42	95.9	96.5	16691504.0	8455094.0	8455094.0	8345752.0	8345752.0	100.0	94.43400649716612	100.0	98.70679143247845	100.0	False	False	False	False	False	False
loo	7411	PE	9547590	9239441.0	125173.0	162815.0		20161	0.21	9547590.0	1928613180.0	PAIRED	Illumina HiSeq 2000	18478882	18397086	81796	0.443	OK	OK	9198543.0	9198543.0	yes	1788881194.0	14.94	96.7	97.8	18397086.0	9239441.0	9239441.0	9198543.0	9198543.0	100.0	96.77249442005784	100.0	99.55735417326655	100.0	False	False	False	False	False	False
loo	8214	PE	9502890	9136234.0	232203.0	104528.0		29925	0.31	9502890.0	1919583780.0	PAIRED	Illumina HiSeq 2000	18272468	18215528	56940	0.312	OK	OK	9107764.0	9107764.0	yes	1744425516.0	14.57	96.7	94.9	18215528.0	9136234.0	9136234.0	9107764.0	9107764.0	100.0	96.14163691256027	100.0	99.68838363815988	100.0	False	False	False	False	False	False
loo	8230	PE	28132307	24232048.0	2644180.0	474939.0		781140	2.78	28132307.0	4276110664.0	PAIRED	Illumina Genome Analyzer IIx	48464096	44499958	3964138	8.18	OK	OK	22249979.0	22249979.0	yes	3274975568.0	27.36	74.0	73.1	44499958.0	24232048.0	24232048.0	22249979.0	22249979.0	100.0	86.13601436952895	100.0	91.82046437015971	100.0	False	False	False	False	False	False
loo	8231	PE	22559508	20394361.0	1124075.0	831601.0		209471	0.93	22559508.0	3429045216.0	PAIRED	Illumina Genome Analyzer IIx	40788722	40196438	592284	1.452	OK	OK	20098219.0	20098219.0	yes	2876465031.0	24.03	70.8	72.3	40196438.0	20394361.0	20394361.0	20098219.0	20098219.0	100.0	90.40250789157281	100.0	98.54792214377298	100.0	False	False	False	False	False	False
loo	8247	PE	19704150	17300207.0	979752.0	735618.0		688573	3.49	19704150.0	2995030800.0	PAIRED	Illumina Genome Analyzer IIx	34600414	33539402	1061012	3.066	OK	OK	16769701.0	16769701.0	yes	2441762092.0	20.4	72.4	73.2	33539402.0	17300207.0	17300207.0	16769701.0	16769701.0	100.0	87.79981374482026	100.0	96.9335280207919	100.0	False	False	False	False	False	False
loo	8249	PE	22211698	20449384.0	711841.0	875746.0		174727	0.79	22211698.0	3376178096.0	PAIRED	Illumina Genome Analyzer IIx	40898768	40497222	401546	0.982	OK	OK	20248611.0	20248611.0	yes	2916134154.0	24.36	70.4	73.7	40497222.0	20449384.0	20449384.0	20248611.0	20248611.0	100.0	92.06582945617214	100.0	99.01819536471123	100.0	False	False	False	False	False	False
loo	8351	PE	34949019	34915519.0	15.0	31647.0		1838	0.01	34949019.0	6989803800.0	PAIRED	Illumina Genome Analyzer IIx	69831038	69814066	16972	0.024											34915519.0	34915519.0	34907033.0		100.0	99.90414609348548	100.0	99.97569562119354		False	False	False	False	False	False
loo	8354	PE	11110959	10495049.0	348240.0	187367.0		80303	0.72	11110959.0	2244413718.0	PAIRED	Illumina HiSeq 2000	20990098	20880094	110004	0.524	OK	OK	10440047.0	10440047.0	yes	2008790354.0	16.78	95.8	96.6	20880094.0	10495049.0	10495049.0	10440047.0	10440047.0	100.0	94.45673411269	100.0	99.47592431440768	100.0	False	False	False	False	False	False
loo	8387	PE	21026239	19397480.0	781958.0	678075.0		168726	0.8	21026239.0	3195988328.0	PAIRED	Illumina Genome Analyzer IIx	38794960	37112500	1682460	4.337											19397480.0	19397480.0	18556250.0		100.0	92.2536835998107	100.0	95.66319954963221		False	False	False	False	False	False
loo	9416	PE	27499787	27162307.0	202711.0	92537.0		42232	0.15	27499787.0	4179967624.0	PAIRED	Illumina HiSeq 2000	54324614	50010772	4313842	7.941											27162307.0	27162307.0	25005386.0		100.0	98.77279049470455	100.0	92.05913915927685		False	False	False	False	False	False
loo	9470	PE	44648609	42163677.0	1194214.0	1011727.0		278991	0.62	44648609.0	6786588568.0	PAIRED	Illumina Genome Analyzer IIx	84327354	79369962	4957392	5.879											42163677.0	42163677.0	39684981.0		100.0	94.4344693918684	100.0	94.12125275506688		False	False	False	False	False	False
loo	9506	PE	24986696	23642943.0	524997.0	388303.0		430453	1.72	24986696.0	4997339200.0	PAIRED	Illumina HiSeq 2000	47285886	43123744	4162142	8.802											23642943.0	23642943.0	21561872.0		100.0	94.62212611063103	100.0	91.197918973116		False	False	False	False	False	False
loo	9518	PE	17853376	16862185.0	286371.0	401109.0		303711	1.7	17853376.0	3570675200.0	PAIRED	Illumina HiSeq 2000	33724370	32305470	1418900	4.207											16862185.0	16862185.0	16152735.0		100.0	94.44815927250959	100.0	95.79265676423312		False	False	False	False	False	False
loo	9537	PE	17353755	16588771.0	235977.0	305803.0		223204	1.29	17353755.0	3470751000.0	PAIRED	Illumina HiSeq 2000	33177542	30576982	2600560	7.838											16588771.0	16588771.0	15288491.0		100.0	95.59182436308453	100.0	92.16168575719081		False	False	False	False	False	False
loo	9542	PE	19212940	18267189.0	253771.0	403556.0		288424	1.5	19212940.0	3842588000.0	PAIRED	Illumina HiSeq 2000	36534378	34805020	1729358	4.734											18267189.0	18267189.0	17402510.0		100.0	95.07753108061546	100.0	95.26649119358211		False	False	False	False	False	False
loo	9549	PE	23143743	21174989.0	436705.0	817434.0		714615	3.09	23143743.0	4628748600.0	PAIRED	Illumina HiSeq 2000	42349978	39382272	2967706	7.008											21174989.0	21174989.0	19691136.0		100.0	91.49336388673171	100.0	92.99242611176798		False	False	False	False	False	False
loo	9555	PE	21079651	19632823.0	619574.0	350350.0		476904	2.26	21079651.0	4215930200.0	PAIRED	Illumina HiSeq 2000	39265646	36636322	2629324	6.696											19632823.0	19632823.0	18318161.0		100.0	93.13637592956354	100.0	93.30375463579537		False	False	False	False	False	False
loo	9557	PE	17178439	15796830.0	517006.0	383695.0		480908	2.8	17178439.0	3435687800.0	PAIRED	Illumina HiSeq 2000	31593660	30098308	1495352	4.733											15796830.0	15796830.0	15049154.0		100.0	91.9573076459392	100.0	95.26692380686505		False	False	False	False	False	False
loo	9559	PE	16414087	15614769.0	375186.0	227982.0		196150	1.2	16414087.0	3282817400.0	PAIRED	Illumina HiSeq 2000	31229538	30641572	587966	1.883											15614769.0	15614769.0	15320786.0		100.0	95.13029265654556	100.0	98.1172760224631		False	False	False	False	False	False
loo	9564	PE	16720761	15727438.0	448515.0	265383.0		279425	1.67	16720761.0	3344152200.0	PAIRED	Illumina HiSeq 2000	31454876	30858878	595998	1.895											15727438.0	15727438.0	15429439.0		100.0	94.05934335165726	100.0	98.10522858204878		False	False	False	False	False	False
loo	9565	PE	15962545	15254452.0	215652.0	328220.0		164221	1.03	15962545.0	3192509000.0	PAIRED	Illumina HiSeq 2000	30508904	30037364	471540	1.546	OK	OK	15018682.0	15018682.0	yes	2823521862.0	23.59	95.3	92.7	30037364.0	15254452.0	15254452.0	15018682.0	15018682.0	100.0	95.56403443185282	100.0	98.45441842158604	100.0	False	False	False	False	False	False
loo	9594	PE	19689568	18378862.0	487201.0	465945.0		357560	1.82	19689568.0	3937913600.0	PAIRED	Illumina HiSeq 2000	36757724	36190254	567470	1.544											18378862.0	18378862.0	18095127.0		100.0	93.3431449587924	100.0	98.45618841906534		False	False	False	False	False	False
loo	9600	PE	23280529	21591434.0	576436.0	612589.0		500070	2.15	23280529.0	4656105800.0	PAIRED	Illumina HiSeq 2000	43182868	41761510	1421358	3.291											21591434.0	21591434.0	20880755.0		100.0	92.74460215229645	100.0	96.70851412648183		False	False	False	False	False	False
loo	9606	PE	11730031	11587923.0	57349.0	60162.0		24597	0.21	11730031.0	2346006200.0	PAIRED	Illumina HiSeq 2000	23175846	22046714	1129132	4.872											11587923.0	11587923.0	11023357.0		100.0	98.78851130060951	100.0	95.12797936265196		False	False	False	False	False	False
loo	9637	PE	11143464	10992530.0	63500.0	62587.0		24847	0.22	11143464.0	2228692800.0	PAIRED	Illumina HiSeq 2000	21985060	21317850	667210	3.035											10992530.0	10992530.0	10658925.0		100.0	98.64553786865557	100.0	96.96516634478141		False	False	False	False	False	False
loo	9653	PE	11743796	11517042.0	82017.0	97206.0		47531	0.4	11743796.0	2348759200.0	PAIRED	Illumina HiSeq 2000	23034084	22557096	476988	2.071											11517042.0	11517042.0	11278548.0		100.0	98.0691592394827	100.0	97.929207864311		False	False	False	False	False	False
loo	9758	PE	9303847	8903432.0	254325.0	110274.0		35816	0.38	9303847.0	1879377094.0	PAIRED	Illumina HiSeq 2000	17806864	17767158	39706	0.223											8903432.0	8903432.0	8883579.0		100.0	95.69624264027557	100.0	99.77701856991776		False	False	False	False	False	False
loo	9759	PE	8715625	8715442.0	4.0	89.0		90	0.0	8715625.0	1760556250.0	PAIRED	Illumina HiSeq 2000	17430884	17365350	65534	0.376											8715442.0	8715442.0	8682675.0		100.0	99.99790032269631	100.0	99.62403513212526		False	False	False	False	False	False
loo	9879	PE	19556995	19025687.0	164401.0	223853.0		143054	0.73	19556995.0	3911399000.0	PAIRED	Illumina HiSeq 2000	38051374	36023906	2027468	5.328											19025687.0	19025687.0	18011953.0		100.0	97.2832840628123	100.0	94.67176139290004		False	False	False	False	False	False
loo	9947	SE	35730958				31932659.0	3798299	10.63	35730958.0	1409856387.0	PAIRED	Illumina Genome Analyzer II	31932659	27090380	4842279	15.164											31932659.0	31932659.0	27090380.0		100.0	89.36972526737178	100.0	84.83596683884045		False	False	False	False	False	False
loo	10002	SE	60710932				58723876.0	1987056	3.27	60710932.0	3146232939.0	PAIRED	Illumina Genome Analyzer II	58723876	52329045	6394831	10.89	OK		52329045.0	0.0		2738101405.0	22.87	52.3		52329045.0	58723876.0	58723876.0	52329045.0	52329045.0	100.0	96.72702109069911	100.0	89.11033903824742	100.0	False	False	False	False	False	False
loo	10006	SE	40226132				32033175.0	8192957	20.37	40226132.0	1602310769.0	PAIRED	Illumina Genome Analyzer II	32033175	28974004	3059171	9.55	OK		28974004.0	0.0		1183115489.0	9.88	40.8		28974004.0	32033175.0	32033175.0	28974004.0	28974004.0	100.0	79.63274967625522	100.0	90.44999129808394	100.0	False	False	False	False	False	False
