panel	ecotype	layout	trim_in	trim_both_surv	trim_fwd_only	trim_rev_only	trim_surv	trim_dropped	trim_drop_pct
main	265	PE	27556948	19661703	2215784	2228450		3451011	12.52
main	5151	PE	13000973	12045357	162614	491493		301509	2.32
main	5165	PE	13309856	12441049	199971	382873		285963	2.15
main	5768	PE	26289400	20386383	896527	2368247		2638243	10.04
main	6013	PE	33056327	28175089	3065930	843604		971704	2.94
main	6025	PE	25833442	24512243	921440	247561		152198	0.59
main	6040	PE	20306156	17419166	1646263	715981		524746	2.58
main	6073	PE	41324439	36752343	1909967	1779640		882489	2.14
main	6074	PE	22358310	18535341	2151304	894480		777185	3.48
main	6108	PE	31334475	26743647	2342325	1175358		1073145	3.42
main	6177	PE	32564591	30124914	1268187	908713		262777	0.81
main	6180	PE	29418122	26404753	1369590	1314676		329103	1.12
main	6188	PE	25625248	20567149	2790055	840326		1427718	5.57
main	6195	PE	32951865	27101627	1674329	3373663		802246	2.43
main	6209	PE	40404632	36582007	2116398	1166277		539950	1.34
main	6216	PE	74276791	68128818	3087771	1728337		1331865	1.79
main	6243	PE	22300557	18626034	2101235	842183		731105	3.28
main	6940	PE	10195518	8452453	734136	421591		587338	5.76
main	6961	PE	13228869	11662744	267631	612648		685846	5.18
main	6987	PE	8524299	7107156	751891	296958		368294	4.32
main	7008	PE	9753320	8593591	579754	297135		282840	2.9
main	7013	PE	10573164	8792721	952066	367744		460633	4.36
main	7028	PE	11376638	9963059	301444	466742		645393	5.67
main	7031	PE	8484263	7491131	395850	374474		222808	2.63
main	7036	PE	15922078	13906682	651545	421213		942638	5.92
main	7062	PE	17494845	15265148	467462	724532		1037703	5.93
main	7067	PE	25384421	23387857	736151	778242		482171	1.9
main	7071	PE	12183076	10373698	1096881	270491		442006	3.63
main	7077	PE	9909746	8699787	590798	322197		296964	3.0
main	7103	PE	8917383	7522168	804692	257414		333109	3.74
main	7106	PE	9607135	8007043	843987	334138		421967	4.39
main	7125	PE	15636577	13687864	685026	373049		890638	5.7
main	7126	PE	12184312	10329675	1123390	276742		454505	3.73
main	7165	PE	11170964	9943240	626599	321516		279609	2.5
main	7203	PE	17623506	15401762	704415	459326		1058003	6.0
main	7209	PE	20083405	17019370	1042571	560197		1461267	7.28
main	7218	PE	9009666	7838468	637490	262304		271404	3.01
main	7244	PE	8410105	7205916	677441	249491		277257	3.3
main	7268	PE	8898222	7322693	656954	384868		533707	6.0
main	7273	PE	31052494	27819870	1653847	1216386		362391	1.17
main	7276	PE	10575356	8593910	839873	462508		679065	6.42
main	7282	PE	19656157	11796130	774831	3363542		3721654	18.93
main	7287	PE	55026774	51964673	818064	1384653		859384	1.56
main	7296	PE	11574678	10932076	197556	281290		163756	1.41
main	7333	PE	7901810	6486437	603552	323510		488311	6.18
main	7353	PE	9436598	8559300	337879	359319		180100	1.91
main	7384	PE	10307593	9367715	367273	377794		194811	1.89
main	7394	PE	11537790	9744149	1032199	288397		473045	4.1
main	7404	PE	9346984	7942984	854823	209476		339701	3.63
main	7521	PE	43991664	19280712	13515765	1204878		9990309	22.71
main	8240	PE	25446859	20928677	2282745	1100646		1134791	4.46
main	8311	PE	8666683	7720823	476273	253668		215919	2.49
main	8312	PE	10595421	9348488	638843	320899		287191	2.71
main	8357	PE	70846707	66447085	1932473	1116230		1350919	1.91
main	8376	PE	21955611	15582989	1941180	2721803		1709639	7.79
main	9057	PE	36559654	28978971	2803525	2764030		2013128	5.51
main	9058	PE	43210615	31920485	4266206	4057787		2966137	6.86
main	9323	PE	37047963	34436314	1200412	1029559		381678	1.03
main	9371	PE	42875268	38174465	2716525	1255667		728611	1.7
main	9394	PE	37608609	34822932	1555235	844020		386422	1.03
main	9427	PE	41165565	36218027	2458815	1558973		929750	2.26
main	9481	PE	26845755	24997258	1125796	479114		243587	0.91
main	9507	PE	15883095	13527829	353838	908114		1093314	6.88
main	9510	PE	17856314	15059332	429911	1138534		1228537	6.88
main	9512	PE	21813001	17037456	1877882	707207		2190456	10.04
main	9517	PE	12546617	10248095	362283	847583		1088656	8.68
main	9521	PE	17862824	14664939	519971	1151053		1526861	8.55
main	9522	PE	16783132	13838556	447223	1150670		1346683	8.02
main	9523	PE	19413853	15733182	516727	1404152		1759792	9.06
main	9524	PE	17580858	15049821	915606	406756		1208675	6.87
main	9526	PE	19159372	16376624	481066	1007186		1294496	6.76
main	9527	PE	19961004	16877990	442042	1161929		1479043	7.41
main	9528	PE	11841867	10100651	275444	640416		825356	6.97
main	9529	PE	18832457	16170724	898519	498563		1264651	6.72
main	9534	PE	23001052	19648034	1157424	576120		1619474	7.04
main	9535	PE	18532262	15387222	1203125	411299		1530616	8.26
main	9539	PE	14746228	12285725	348612	906300		1205591	8.18
main	9544	PE	18707314	15659842	1117668	443261		1486543	7.95
main	9547	PE	16326786	14977548	368017	510471		470750	2.88
main	9548	PE	25214662	19283155	2075485	872218		2983804	11.83
main	9560	PE	16425740	14231976	979342	331837		882585	5.37
main	9562	PE	14078140	12121456	290605	871493		794586	5.64
main	9574	PE	17860624	15274396	1030234	478206		1077788	6.03
main	9577	PE	19010764	16146226	1157879	469653		1237006	6.51
main	9579	PE	16192865	13595468	403813	1081810		1111774	6.87
main	9584	PE	17061466	14108358	1232734	410631		1309743	7.68
main	9586	PE	17359430	14946569	571894	791022		1049945	6.05
main	9587	PE	17201892	14453597	507824	1029760		1210711	7.04
main	9591	PE	18317929	15484781	1012485	565387		1255276	6.85
main	9595	PE	16641229	12969362	1527731	497510		1646626	9.89
main	9596	PE	13564798	10974778	498681	994272		1097067	8.09
main	9597	PE	19448504	15606971	1528243	654218		1659072	8.53
main	9598	PE	15507881	12097015	410513	1532801		1467552	9.46
main	9602	PE	24695605	21057803	1160431	718687		1758684	7.12
main	9612	PE	12137934	11336375	220137	316169		265253	2.19
main	9619	PE	11421165	10759667	193069	308204		160225	1.4
main	9625	PE	13765135	12788117	251374	411471		314173	2.28
main	9629	PE	12233761	11413685	367074	227932		225070	1.84
main	9632	PE	9797583	9212433	163410	275330		146410	1.49
main	9634	PE	12469416	11653317	329134	233362		253603	2.03
main	9640	PE	12490673	11788756	294848	237872		169197	1.35
main	9643	PE	11965001	11212589	316255	236903		199254	1.67
main	9649	PE	12901017	11978105	239874	380522		302516	2.34
main	9657	PE	10334084	9698121	284938	178628		172397	1.67
main	9659	PE	13940449	13007075	341344	296516		295514	2.12
main	9697	PE	21745054	20115074	409609	683288		537083	2.47
main	9698	PE	14331777	13258035	259631	449011		365100	2.55
main	9699	PE	11314652	10623091	201828	316841		172892	1.53
main	9713	PE	11974812	11260498	304449	247370		162495	1.36
main	9716	PE	11027863	10337874	287010	212113		190866	1.73
main	9719	PE	9725605	9138914	277812	179975		128904	1.33
main	9723	PE	8835556	8174415	316810	147667		196664	2.23
main	9726	PE	11164743	10478983	202197	295688		187875	1.68
main	9736	PE	10261930	9543045	191840	292497		234548	2.29
main	9737	PE	10003075	9421577	244467	184334		152697	1.53
main	9739	PE	15234030	15223981	9720	329		0	0.0
main	9741	PE	12431135	11590757	260587	297491		282300	2.27
main	9743	PE	10729522	9983022	303066	199560		243874	2.27
main	9748	PE	10484877	9766241	181932	332386		204318	1.95
main	9749	PE	11104869	10445382	237525	279552		142410	1.28
main	9761	PE	14726330	13018732	354670	593885		759043	5.15
main	9766	PE	8840648	8023545	319850	329257		167996	1.9
main	9769	PE	27839032	22565055	886760	1907962		2479255	8.91
main	9774	PE	24312469	19412556	1566759	904184		2428970	9.99
main	9775	PE	28393385	22416706	2015659	963549		2997471	10.56
main	9779	PE	20094605	18032322	433626	796129		832528	4.14
main	9781	PE	19372365	17215355	795820	444722		916468	4.73
main	9782	PE	22068541	19706918	523191	833272		1005160	4.55
main	9784	PE	22327294	19905448	537662	834968		1049216	4.7
main	9803	PE	18921250	17066111	379469	712800		762870	4.03
main	9804	PE	20166960	18055028	762798	463916		885218	4.39
main	9813	PE	10728251	10091456	319847	214303		102645	0.96
main	9814	PE	10693723	10021509	309974	206355		155885	1.46
main	9820	PE	12147314	11200572	195880	382849		368013	3.03
main	9857	PE	7608218	7288478	123982	127979		67779	0.89
main	9920	PE	21325542	19547193	451382	658453		668514	3.13
main	9921	PE	13009259	11902668	462453	233266		410872	3.16
main	9925	PE	14029835	12951438	455179	221178		402040	2.87
main	9933	PE	18961214	17381925	668473	309366		601450	3.17
main	9941	SE	25955116				17737927	8217189	31.66
main	9944	SE	50714056				33283540	17430516	34.37
main	9965	SE	70806874				65399952	5406922	7.64
main	9966	SE	26359926				24792319	1567607	5.95
main	9977	PE	10270404	1974979	5688139	435599		2171687	21.15
main	9978	SE	31333908				31161020	172888	0.55
main	9985	SE	25575300				17482653	8092647	31.64
main	10011	SE	56978496				47955441	9023055	15.84
main	10013	SE	23391786				17895079	5496707	23.5
main	10014	SE	54599208				39836845	14762363	27.04
main	100001	PE	7303944	6771685	275270	218628		38361	0.53
main	100002	PE	8159065	7429317	601498	71888		56362	0.69
