pool	true_n	cov	block	n_nz_kmers	n_panel_kmers	would_fallback	cosine	pearson	jaccard_topN	mass_on_true	eff_n	h_rmse
cov10_n10_g0_s42_hotspots_p80_chr1	10	10	0	52733	108865	0	0.96151448990729	0.9559368962243107	1.0	0.903552234172821	11.324135780334473	0.00974455004384831
cov10_n10_g0_s42_hotspots_p80_chr1	10	10	1	53216	111299	0	0.8033772149488336	0.7713970086190235	0.6666666666666666	0.6730743050575256	14.246655464172363	0.021088222679557955
cov10_n10_g0_s42_hotspots_p80_chr1	10	10	2	63596	111029	0	0.8529188987360051	0.8298716685823002	0.6666666666666666	0.7068224549293518	14.561119079589844	0.01847685592220416
cov10_n10_g0_s42_hotspots_p80_chr1	10	10	3	64931	118947	0	0.8732655086733904	0.8539045247292703	0.6666666666666666	0.7247619032859802	14.517840385437012	0.017294651937260354
cov10_n10_g0_s42_hotspots_p80_chr1	10	10	4	57593	111536	0	0.8666158027264865	0.8458708374228783	0.8181818181818182	0.7631059288978577	12.896848678588867	0.017648352343936063
cov10_n10_g0_s42_hotspots_p80_chr1	10	10	5	54651	114120	0	0.9215373650449228	0.9099499387772483	1.0	0.8141340613365173	12.812504768371582	0.013793989775576072
cov10_n10_g0_s42_hotspots_p80_chr1	10	10	6	62615	116098	0	0.7394871239320032	0.6953203672354832	0.5384615384615384	0.5996093153953552	15.209833145141602	0.02393351904901777
cov10_n10_g0_s42_hotspots_p80_chr1	10	10	7	51745	107734	0	0.8833380842325023	0.8656917615257853	0.6666666666666666	0.7396900653839111	14.26114559173584	0.01665179627481415
cov10_n10_g0_s42_hotspots_p80_chr1	10	10	8	61961	124967	0	0.8672044589776596	0.8470690715403146	0.6666666666666666	0.7018023133277893	15.269098281860352	0.01772402680920683
cov10_n10_g0_s42_hotspots_p80_chr1	10	10	9	54448	113537	0	0.8381629331316682	0.8126946103567416	0.6666666666666666	0.740751326084137	12.803006172180176	0.019350836658836953
cov10_n10_g0_s42_hotspots_p80_chr1	10	10	10	43129	88368	0	0.7914216182106241	0.7569503249358044	0.5384615384615384	0.6232281923294067	16.12581443786621	0.021612131848184165
cov10_n10_g0_s42_hotspots_p80_chr1	10	10	11	52239	105678	0	0.7778010790109199	0.7408447731377109	0.42857142857142855	0.6313946843147278	15.175228118896484	0.022253631979427944
cov10_n10_g0_s42_hotspots_p80_chr1	10	10	12	53738	112563	0	0.8324699370779549	0.8057676027661569	0.5384615384615384	0.7110944390296936	13.70511245727539	0.019604399199401202
cov10_n10_g0_s42_hotspots_p80_chr1	10	10	13	57460	110455	0	0.8640655022151114	0.8429806580504561	0.6666666666666666	0.7735914587974548	12.475846290588379	0.017831361316924036
cov10_n10_g0_s42_hotspots_p80_chr1	10	10	14	59585	119754	0	0.8125261763076582	0.7820868878896572	0.5384615384615384	0.6634187698364258	15.000277519226074	0.020609976821144252
cov10_n10_g0_s42_hotspots_p80_chr1	10	10	15	59252	110166	0	0.8303980594301299	0.8039724261688324	0.6666666666666666	0.6384894847869873	16.91473388671875	0.019818600649909358
cov10_n10_g0_s42_hotspots_p80_chr1	10	10	16	56418	108367	0	0.8579438590816296	0.8378651161404879	0.6666666666666666	0.6450166702270508	17.691959381103516	0.018547077843714663
cov10_n10_g0_s42_hotspots_p80_chr1	10	10	17	54678	122825	0	0.8018613637747082	0.7704486990283551	0.6666666666666666	0.7124111652374268	12.668848037719727	0.021345824017928134
cov10_n10_g0_s42_hotspots_p80_chr1	10	10	18	52170	110705	0	0.8738551123484628	0.8553548267057126	0.8181818181818182	0.6942749619483948	15.842216491699219	0.017416765290533168
cov10_n10_g0_s42_hotspots_p80_chr1	10	10	19	53748	99285	0	0.7529570306031895	0.7118588692614598	0.42857142857142855	0.5188773274421692	21.05769920349121	0.02337549395868201
cov10_n10_g0_s42_hotspots_p80_chr1	10	10	20	49326	95722	0	0.8441410819301948	0.8194667005242271	0.6666666666666666	0.7066031098365784	14.271807670593262	0.0189563951777777
cov10_n10_g0_s42_hotspots_p80_chr1	10	10	21	62243	108917	0	0.87301632326873	0.8546491056254288	0.8181818181818182	0.6854358315467834	16.222251892089844	0.017520187182936204
cov10_n10_g0_s42_hotspots_p80_chr1	10	10	22	53988	109354	0	0.8816843012488215	0.8641581453317257	0.6666666666666666	0.7179257869720459	15.082283973693848	0.016851484998268225
cov10_n10_g0_s42_hotspots_p80_chr1	10	10	23	50955	103471	0	0.8619979216946546	0.8405573324963475	0.6666666666666666	0.7184120416641235	14.396775245666504	0.017950484381545787
cov10_n10_g0_s42_hotspots_p80_chr1	10	10	24	52338	111888	0	0.8223020691585318	0.7936756055296864	0.5384615384615384	0.6768994331359863	14.757555961608887	0.02011902367577604
cov10_n10_g0_s42_hotspots_p80_chr1	10	10	25	64638	131364	0	0.901590925486902	0.8872253376226973	0.8181818181818182	0.7546191215515137	14.27458381652832	0.01546397257177881
cov10_n10_g0_s42_hotspots_p80_chr1	10	10	26	45128	95204	0	0.9249569077258554	0.9137403372309355	0.8181818181818182	0.8481928706169128	11.8919677734375	0.013440516522719359
cov10_n10_g0_s42_hotspots_p80_chr1	10	10	27	42851	90510	0	0.8808486386275475	0.8631513060388216	0.6666666666666666	0.7178393602371216	15.057328224182129	0.016898579340310346
cov10_n10_g0_s42_hotspots_p80_chr1	10	10	28	47701	101450	0	0.854627264978002	0.8318049613027909	0.6666666666666666	0.721274197101593	14.039536476135254	0.018361844485011602
cov10_n10_g0_s42_hotspots_p80_chr1	10	10	29	46181	97159	0	0.8839231068630921	0.8663333146054102	0.6666666666666666	0.7433234453201294	14.140777587890625	0.01660300546629238
cov10_n10_g0_s42_hotspots_p80_chr1	10	10	30	51959	108892	0	0.865659231201992	0.8450673793454508	0.8181818181818182	0.7087138891220093	14.91942310333252	0.017777772675755532
cov10_n10_g0_s42_hotspots_p80_chr1	10	10	31	47270	115650	0	0.8791736210868033	0.8605812271630348	0.8181818181818182	0.755648136138916	13.536611557006836	0.016861232160100614
cov10_n10_g0_s42_hotspots_p80_chr1	10	10	32	47437	101164	0	0.815251660810319	0.7858863143204693	0.6666666666666666	0.6211712956428528	17.22505760192871	0.020561101560758254
cov10_n10_g0_s42_hotspots_p80_chr1	10	10	33	52125	110203	0	0.8743630705490324	0.8549707007731112	0.6666666666666666	0.7460636496543884	13.735100746154785	0.01717317462577047
cov10_n10_g0_s42_hotspots_p80_chr1	10	10	34	33946	83564	0	0.8929931736466697	0.8767904411087725	0.8181818181818182	0.8303470611572266	11.56583309173584	0.015965645379174654
cov10_n10_g0_s42_hotspots_p80_chr1	10	10	35	25917	67402	0	0.8185733470021298	0.7899335318849805	0.5384615384615384	0.7277591824531555	12.651436805725098	0.020460502326057582
cov10_n10_g0_s42_hotspots_p80_chr1	10	10	36	32692	80649	0	0.9200046186596065	0.9081453336284089	0.8181818181818182	0.8144855499267578	12.758898735046387	0.013910225428596793
cov10_n10_g0_s42_hotspots_p80_chr1	10	10	37	32808	74618	0	0.9307475448111467	0.9205335233280961	0.8181818181818182	0.838019847869873	12.335456848144531	0.012972644291293925
cov10_n10_g0_s42_hotspots_p80_chr1	10	10	38	13607	36904	0	0.8939252366831489	0.8777947536860677	0.8181818181818182	0.8211604356765747	11.850764274597168	0.015870829834786843
cov10_n10_g0_s42_hotspots_p80_chr1	10	10	39	10964	31374	0	0.8183720040564353	0.790831336835972	0.6666666666666666	0.7708764672279358	11.270206451416016	0.020782870711619793
cov10_n10_g0_s42_hotspots_p80_chr1	10	10	40	10790	27866	0	0.8033833414202693	0.7763803023304992	0.6666666666666666	0.8298981189727783	9.371219635009766	0.022563819943088582
cov10_n10_g0_s42_hotspots_p80_chr1	10	10	41	7752	19798	0	0.546136813973351	0.4759987332021323	0.3333333333333333	0.5086712837219238	11.527321815490723	0.032599110680104716
cov10_n10_g0_s42_hotspots_p80_chr1	10	10	42	16264	42331	0	0.6971575164845119	0.6492436270878003	0.5384615384615384	0.6311644911766052	12.200475692749023	0.02639391962490736
cov10_n10_g0_s42_hotspots_p80_chr1	10	10	43	6985	18434	0	0.7189333955867472	0.6764928487546596	0.42857142857142855	0.6828269958496094	11.085518836975098	0.025894592352242046
cov10_n10_g0_s42_hotspots_p80_chr1	10	10	44	11992	26874	0	0.8170526998002956	0.7878966276335873	0.5384615384615384	0.7130521535873413	13.12978458404541	0.02047934447833288
cov10_n10_g0_s42_hotspots_p80_chr1	10	10	45	19479	25217	0	0.5568247041251504	0.46863857827474403	0.42857142857142855	0.39052271842956543	20.330324172973633	0.029808357287327468
cov10_n10_g0_s42_hotspots_p80_chr1	10	10	46	3759	10053	0	0.3599186386450107	0.07241235997101306	0.05263157894736842	0.12911851704120636	77.7018814086914	0.032985981114656164
cov10_n10_g0_s42_hotspots_p80_chr1	10	10	47	14515	19313	0	0.28211618508350694	0.20177381830765634	0.17647058823529413	0.34817206859588623	6.565506458282471	0.04778555864705806
cov10_n10_g0_s42_hotspots_p80_chr1	10	10	48	28396	40379	0	0.6218193623646099	0.5585952963776246	0.42857142857142855	0.5331066250801086	13.605057716369629	0.028913829079036685
cov10_n10_g0_s42_hotspots_p80_chr1	10	10	49	24701	44699	0	0.808027767201068	0.7772099772311151	0.6666666666666666	0.6140304207801819	17.317001342773438	0.020898750251872558
cov10_n10_g0_s42_hotspots_p80_chr1	10	10	50	9100	23169	0	0.7427343399024646	0.7032857062769953	0.42857142857142855	0.6938892006874084	11.457419395446777	0.024622617480142724
cov10_n10_g0_s42_hotspots_p80_chr1	10	10	51	5585	13347	0	0.7567491973874712	0.7169485230186914	0.5384615384615384	0.6492311954498291	13.58642578125	0.023387134643066666
cov10_n10_g0_s42_hotspots_p80_chr1	10	10	52	17110	41121	0	0.8664405385048078	0.8457868001534752	0.8181818181818182	0.7806132435798645	12.319857597351074	0.017694320625106657
cov10_n10_g0_s42_hotspots_p80_chr1	10	10	53	24075	54721	0	0.8794500613921807	0.8609011156609785	0.8181818181818182	0.7566010355949402	13.511032104492188	0.01684242506638105
cov10_n10_g0_s42_hotspots_p80_chr1	10	10	54	19736	52830	0	0.8488831290796224	0.8251336072431337	0.6666666666666666	0.7431226372718811	13.048927307128906	0.018711666676456795
cov10_n10_g0_s42_hotspots_p80_chr1	10	10	55	33958	74157	0	0.8370370463550244	0.8115701578335577	0.6666666666666666	0.6572117209434509	16.221040725708008	0.019431281331731234
cov10_n10_g0_s42_hotspots_p80_chr1	10	10	56	38794	91954	0	0.8914754915841984	0.8750618848443406	0.8181818181818182	0.8316738605499268	11.489808082580566	0.016085276956868677
cov10_n10_g0_s42_hotspots_p80_chr1	10	10	57	42286	97027	0	0.8489247426831353	0.8250897121414011	0.5384615384615384	0.7173577547073364	14.004470825195312	0.0186862946030171
cov10_n10_g0_s42_hotspots_p80_chr1	10	10	58	42644	98240	0	0.891648350441822	0.8751344132100156	0.6666666666666666	0.8153261542320251	11.959811210632324	0.016026583250636398
cov10_n10_g0_s42_hotspots_p80_chr1	10	10	59	38973	83788	0	0.9190926710733077	0.9069479806866738	0.8181818181818182	0.8491349220275879	11.715620040893555	0.013932497272176712
cov10_n10_g0_s42_hotspots_p80_chr1	10	10	60	33349	76875	0	0.9419515212945935	0.9333642175092228	0.8181818181818182	0.8868884444236755	11.28026008605957	0.011870526868826602
cov10_n10_g0_s42_hotspots_p80_chr1	10	10	61	32512	79769	0	0.9030748560153539	0.8883728007844762	0.8181818181818182	0.8084630966186523	12.477484703063965	0.0151870581408876
cov10_n10_g0_s42_hotspots_p80_chr1	10	10	62	42979	94368	0	0.8743308486889916	0.8549483682787599	0.6666666666666666	0.7439132928848267	13.813602447509766	0.01717911226531556
cov10_n10_g0_s42_hotspots_p80_chr1	10	10	63	45006	95663	0	0.8342184082178724	0.808462731306799	0.6666666666666666	0.6448806524276733	16.734039306640625	0.01961577627797652
cov10_n10_g0_s42_hotspots_p80_chr1	10	10	64	45298	90567	0	0.799882056107181	0.7670843639793892	0.5384615384615384	0.6521174311637878	15.045280456542969	0.02122573328409126
cov10_n10_g0_s42_hotspots_p80_chr1	10	10	65	40980	88835	0	0.8642654308977662	0.843159498161728	0.5384615384615384	0.7283927798271179	14.078713417053223	0.017801214196633143
cov10_n10_g0_s42_hotspots_p80_chr1	10	10	66	21757	58950	0	0.9060259904943434	0.8919201465144897	0.8181818181818182	0.8523334264755249	11.299579620361328	0.015013401501602837
cov10_n10_g0_s42_hotspots_p80_chr1	10	10	67	29746	72483	0	0.8499830205403344	0.8275182527812177	0.8181818181818182	0.8107184767723083	10.992091178894043	0.018983806575389617
cov10_n10_g0_s42_hotspots_p80_chr1	10	10	68	16825	42778	0	0.9017353510709095	0.8869132687895485	0.8181818181818182	0.8411158323287964	11.493348121643066	0.015323055317725683
cov10_n10_g0_s42_hotspots_p80_chr1	10	10	69	34504	69564	0	0.8483825166465956	0.8245352970069303	0.6666666666666666	0.7410359382629395	13.10704517364502	0.01873754610124818
cov10_n10_g0_s42_hotspots_p80_chr1	10	10	70	18613	44209	0	0.7954446596159017	0.7640004030991411	0.6666666666666666	0.7385739684104919	11.5993013381958	0.021936636602020387
cov10_n10_g0_s42_hotspots_p80_chr1	10	10	71	29062	69972	0	0.8713955289050662	0.8514916173032951	0.5384615384615384	0.7771573066711426	12.57224178314209	0.01735973600932694
cov10_n10_g0_s42_hotspots_p80_chr1	10	10	72	26722	62743	0	0.9104128655825936	0.8969743635161507	0.8181818181818182	0.8554754853248596	11.325611114501953	0.014663031783687042
cov10_n10_g0_s42_hotspots_p80_chr1	10	10	73	35376	90504	0	0.8978844544962243	0.8824363660142828	0.8181818181818182	0.7806221842765808	13.22997760772705	0.01559706781506562
cov10_n10_g0_s42_hotspots_p80_chr1	10	10	74	34225	80094	0	0.8761352017059425	0.8574703987936215	0.8181818181818182	0.8263833522796631	11.240333557128906	0.017207796859685265
cov10_n10_g0_s42_hotspots_p80_chr1	10	10	75	37904	87586	0	0.8613259121160491	0.8398016560888493	0.5384615384615384	0.7143988013267517	14.536293983459473	0.017997769405429274
cov10_n10_g0_s42_hotspots_p80_chr1	10	10	76	27816	69375	0	0.8999446899150212	0.8850560328529353	0.8181818181818182	0.7655050754547119	13.82087230682373	0.01551342712376565
cov10_n10_g0_s42_hotspots_p80_chr1	10	10	77	31435	79236	0	0.9098368970633793	0.8962431555553485	0.8181818181818182	0.842086911201477	11.673826217651367	0.01468175977452509
cov10_n10_g0_s42_hotspots_p80_chr1	10	10	78	43360	101501	0	0.9229314227929796	0.9114161055007991	0.6666666666666666	0.8376808166503906	12.138967514038086	0.013621288260369686
cov10_n10_g0_s42_hotspots_p80_chr1	10	10	79	47820	96253	0	0.8637906943590228	0.8427465652955373	0.6666666666666666	0.714005708694458	14.635706901550293	0.017862292037055062
cov10_n10_g0_s42_hotspots_p80_chr1	10	10	80	46709	97896	0	0.8077822439636372	0.7766465472676001	0.5384615384615384	0.6265818476676941	16.62007713317871	0.02087217910234344
cov10_n10_g0_s42_hotspots_p80_chr1	10	10	81	32483	79627	0	0.7844404838957005	0.7495021730260243	0.6666666666666666	0.6753662824630737	13.490909576416016	0.022093757818421697
cov10_n10_g0_s42_hotspots_p80_chr1	10	10	82	44083	93762	0	0.8584131908480294	0.8367209968100354	0.8181818181818182	0.6899724006652832	15.478514671325684	0.01823842133629204
cov10_n10_g0_s42_hotspots_p80_chr1	10	10	83	55571	119795	0	0.8337992659579196	0.8073705913686176	0.6666666666666666	0.674549400806427	15.279020309448242	0.019538212664196496
cov10_n10_g0_s42_hotspots_p80_chr1	10	10	84	57493	117466	0	0.8366455590143818	0.8108849032292201	0.6666666666666666	0.6675584316253662	15.70740032196045	0.019414091469654674
cov10_n10_g0_s42_hotspots_p80_chr1	10	10	85	49228	105968	0	0.8823730763219074	0.8643120356157077	0.6666666666666666	0.7617278695106506	13.418526649475098	0.01665016917358172
cov10_n10_g0_s42_hotspots_p80_chr1	10	10	86	49745	107531	0	0.8352859729502412	0.8090475508233429	0.6666666666666666	0.7085556983947754	13.897045135498047	0.019444347385604195
cov10_n10_g0_s42_hotspots_p80_chr1	10	10	87	56144	111055	0	0.8784047774499811	0.8602926390626627	0.8181818181818182	0.7142013311386108	15.126836776733398	0.01705410830304441
cov10_n10_g0_s42_hotspots_p80_chr1	10	10	88	55749	111427	0	0.9353332408886211	0.9266824123713663	0.8181818181818182	0.7944287061691284	13.861906051635742	0.012871681630144648
cov10_n10_g0_s42_hotspots_p80_chr1	10	10	89	52199	107166	0	0.8965794693619005	0.8808148629508836	0.6666666666666666	0.8057160377502441	12.382648468017578	0.01565844936807534
cov10_n10_g0_s42_hotspots_p80_chr1	10	10	90	46953	86625	0	0.7831633678548547	0.7471247669903286	0.5384615384615384	0.6002033352851868	17.025815963745117	0.021992518790342228
cov10_n10_g0_s42_hotspots_p80_chr1	10	10	91	54186	107064	0	0.9054349131946073	0.8917534732999746	0.8181818181818182	0.7580779194831848	14.265494346618652	0.01520018250351256
cov10_n10_g0_s42_hotspots_p80_chr1	10	10	92	59367	112671	0	0.831091921540335	0.8043759698929656	0.6666666666666666	0.6563190221786499	16.034969329833984	0.01971671098729252
cov10_n10_g0_s42_hotspots_p80_chr1	10	10	93	60982	112500	0	0.8489519536532434	0.8253890708243282	0.6666666666666666	0.6862813830375671	15.302481651306152	0.01873919838701012
cov10_n10_g0_s42_hotspots_p80_chr1	10	10	94	49389	93401	0	0.7823707523474763	0.7461424133131732	0.6666666666666666	0.6212018132209778	15.862066268920898	0.02202360174808925
cov10_n10_g0_s42_hotspots_p80_chr1	10	10	95	3593	6318	0	0.4355154254227832	0.341339919903875	0.3333333333333333	0.3784700930118561	13.241706848144531	0.03532437959468888
